country,iso3,who_region,month_start,month_lab,cases,deaths
Andorra,AND,EURO,01/07/2022,Jul-22,3,0
Andorra,AND,EURO,01/08/2022,Aug-22,1,0
Andorra,AND,EURO,01/09/2022,Sep-22,0,0
Andorra,AND,EURO,01/10/2022,Oct-22,0,0
Andorra,AND,EURO,01/11/2022,Nov-22,0,0
Andorra,AND,EURO,01/12/2022,Dec-22,0,0
Andorra,AND,EURO,01/01/2023,Jan-23,0,0
Andorra,AND,EURO,01/02/2023,Feb-23,0,0
Andorra,AND,EURO,01/03/2023,Mar-23,0,0
Andorra,AND,EURO,01/04/2023,Apr-23,0,0
Andorra,AND,EURO,01/05/2023,May-23,0,0
Andorra,AND,EURO,01/06/2023,Jun-23,0,0
Andorra,AND,EURO,01/07/2023,Jul-23,0,0
Andorra,AND,EURO,01/08/2023,Aug-23,0,0
Andorra,AND,EURO,01/09/2023,Sep-23,0,0
Andorra,AND,EURO,01/10/2023,Oct-23,0,0
Argentina,ARG,AMRO,01/06/2022,Jun-22,6,0
Argentina,ARG,AMRO,01/07/2022,Jul-22,14,0
Argentina,ARG,AMRO,01/08/2022,Aug-22,150,0
Argentina,ARG,AMRO,01/09/2022,Sep-22,226,0
Argentina,ARG,AMRO,01/10/2022,Oct-22,279,0
Argentina,ARG,AMRO,01/11/2022,Nov-22,269,1
Argentina,ARG,AMRO,01/12/2022,Dec-22,74,0
Argentina,ARG,AMRO,01/01/2023,Jan-23,46,1
Argentina,ARG,AMRO,01/02/2023,Feb-23,34,0
Argentina,ARG,AMRO,01/03/2023,Mar-23,26,0
Argentina,ARG,AMRO,01/04/2023,Apr-23,4,0
Argentina,ARG,AMRO,01/05/2023,May-23,1,0
Argentina,ARG,AMRO,01/06/2023,Jun-23,0,0
Argentina,ARG,AMRO,01/07/2023,Jul-23,0,0
Argentina,ARG,AMRO,01/08/2023,Aug-23,1,0
Argentina,ARG,AMRO,01/09/2023,Sep-23,0,0
Argentina,ARG,AMRO,01/10/2023,Oct-23,5,0
Aruba,ABW,AMRO,01/08/2022,Aug-22,2,0
Aruba,ABW,AMRO,01/09/2022,Sep-22,1,0
Aruba,ABW,AMRO,01/10/2022,Oct-22,0,0
Aruba,ABW,AMRO,01/11/2022,Nov-22,0,0
Aruba,ABW,AMRO,01/12/2022,Dec-22,0,0
Aruba,ABW,AMRO,01/01/2023,Jan-23,0,0
Aruba,ABW,AMRO,01/02/2023,Feb-23,0,0
Aruba,ABW,AMRO,01/03/2023,Mar-23,0,0
Aruba,ABW,AMRO,01/04/2023,Apr-23,0,0
Aruba,ABW,AMRO,01/05/2023,May-23,0,0
Aruba,ABW,AMRO,01/06/2023,Jun-23,0,0
Aruba,ABW,AMRO,01/07/2023,Jul-23,0,0
Aruba,ABW,AMRO,01/08/2023,Aug-23,0,0
Aruba,ABW,AMRO,01/09/2023,Sep-23,0,0
Aruba,ABW,AMRO,01/10/2023,Oct-23,0,0
Australia,AUS,WPRO,01/05/2022,May-22,2,0
Australia,AUS,WPRO,01/06/2022,Jun-22,10,0
Australia,AUS,WPRO,01/07/2022,Jul-22,33,0
Australia,AUS,WPRO,01/08/2022,Aug-22,61,0
Australia,AUS,WPRO,01/09/2022,Sep-22,30,0
Australia,AUS,WPRO,01/10/2022,Oct-22,4,0
Australia,AUS,WPRO,01/11/2022,Nov-22,3,0
Australia,AUS,WPRO,01/12/2022,Dec-22,1,0
Australia,AUS,WPRO,01/05/2023,May-23,1,0
Australia,AUS,WPRO,01/08/2023,Aug-23,10,0
Australia,AUS,WPRO,01/09/2023,Sep-23,1,0
Austria,AUT,EURO,01/05/2022,May-22,1,0
Austria,AUT,EURO,01/06/2022,Jun-22,19,0
Austria,AUT,EURO,01/07/2022,Jul-22,98,0
Austria,AUT,EURO,01/08/2022,Aug-22,147,0
Austria,AUT,EURO,01/09/2022,Sep-22,48,0
Austria,AUT,EURO,01/10/2022,Oct-22,10,0
Austria,AUT,EURO,01/11/2022,Nov-22,3,0
Austria,AUT,EURO,01/12/2022,Dec-22,1,0
Austria,AUT,EURO,01/01/2023,Jan-23,0,0
Austria,AUT,EURO,01/02/2023,Feb-23,0,0
Austria,AUT,EURO,01/03/2023,Mar-23,0,0
Austria,AUT,EURO,01/04/2023,Apr-23,1,0
Austria,AUT,EURO,01/05/2023,May-23,0,0
Austria,AUT,EURO,01/06/2023,Jun-23,0,0
Austria,AUT,EURO,01/07/2023,Jul-23,0,0
Austria,AUT,EURO,01/08/2023,Aug-23,0,0
Austria,AUT,EURO,01/09/2023,Sep-23,2,0
Austria,AUT,EURO,01/10/2023,Oct-23,1,0
Bahamas,BHS,AMRO,01/06/2022,Jun-22,1,0
Bahamas,BHS,AMRO,01/07/2022,Jul-22,0,0
Bahamas,BHS,AMRO,01/08/2022,Aug-22,1,0
Bahamas,BHS,AMRO,01/09/2022,Sep-22,0,0
Bahamas,BHS,AMRO,01/10/2022,Oct-22,0,0
Bahamas,BHS,AMRO,01/11/2022,Nov-22,0,0
Bahamas,BHS,AMRO,01/12/2022,Dec-22,0,0
Bahamas,BHS,AMRO,01/01/2023,Jan-23,0,0
Bahamas,BHS,AMRO,01/02/2023,Feb-23,0,0
Bahamas,BHS,AMRO,01/03/2023,Mar-23,0,0
Bahamas,BHS,AMRO,01/04/2023,Apr-23,0,0
Bahamas,BHS,AMRO,01/05/2023,May-23,0,0
Bahamas,BHS,AMRO,01/06/2023,Jun-23,1,0
Bahamas,BHS,AMRO,01/07/2023,Jul-23,0,0
Bahamas,BHS,AMRO,01/08/2023,Aug-23,0,0
Bahamas,BHS,AMRO,01/09/2023,Sep-23,0,0
Bahamas,BHS,AMRO,01/10/2023,Oct-23,0,0
Bahrain,BHR,EMRO,01/09/2022,Sep-22,1,0
Bahrain,BHR,EMRO,01/04/2023,Apr-23,1,0
Barbados,BRB,AMRO,01/07/2022,Jul-22,1,0
Barbados,BRB,AMRO,01/08/2022,Aug-22,0,0
Barbados,BRB,AMRO,01/09/2022,Sep-22,0,0
Barbados,BRB,AMRO,01/10/2022,Oct-22,0,0
Barbados,BRB,AMRO,01/11/2022,Nov-22,0,0
Barbados,BRB,AMRO,01/12/2022,Dec-22,0,0
Barbados,BRB,AMRO,01/01/2023,Jan-23,0,0
Barbados,BRB,AMRO,01/02/2023,Feb-23,0,0
Barbados,BRB,AMRO,01/03/2023,Mar-23,0,0
Barbados,BRB,AMRO,01/04/2023,Apr-23,0,0
Barbados,BRB,AMRO,01/05/2023,May-23,0,0
Barbados,BRB,AMRO,01/06/2023,Jun-23,0,0
Barbados,BRB,AMRO,01/07/2023,Jul-23,0,0
Barbados,BRB,AMRO,01/08/2023,Aug-23,0,0
Barbados,BRB,AMRO,01/09/2023,Sep-23,0,0
Barbados,BRB,AMRO,01/10/2023,Oct-23,0,0
Belgium,BEL,EURO,01/05/2022,May-22,10,0
Belgium,BEL,EURO,01/06/2022,Jun-22,107,0
Belgium,BEL,EURO,01/07/2022,Jul-22,276,0
Belgium,BEL,EURO,01/08/2022,Aug-22,313,1
Belgium,BEL,EURO,01/09/2022,Sep-22,64,0
Belgium,BEL,EURO,01/10/2022,Oct-22,15,0
Belgium,BEL,EURO,01/11/2022,Nov-22,4,0
Belgium,BEL,EURO,01/12/2022,Dec-22,1,0
Belgium,BEL,EURO,01/01/2023,Jan-23,3,0
Belgium,BEL,EURO,01/02/2023,Feb-23,0,1
Belgium,BEL,EURO,01/03/2023,Mar-23,0,0
Belgium,BEL,EURO,01/04/2023,Apr-23,0,0
Belgium,BEL,EURO,01/05/2023,May-23,0,0
Belgium,BEL,EURO,01/06/2023,Jun-23,2,0
Belgium,BEL,EURO,01/07/2023,Jul-23,0,0
Belgium,BEL,EURO,01/08/2023,Aug-23,0,0
Belgium,BEL,EURO,01/09/2023,Sep-23,0,0
Belgium,BEL,EURO,01/10/2023,Oct-23,0,0
Benin,BEN,AFRO,01/06/2022,Jun-22,3,0
Benin,BEN,AFRO,01/07/2022,Jul-22,0,0
Benin,BEN,AFRO,01/08/2022,Aug-22,0,0
Benin,BEN,AFRO,01/09/2022,Sep-22,0,0
Benin,BEN,AFRO,01/10/2022,Oct-22,0,0
Benin,BEN,AFRO,01/11/2022,Nov-22,0,0
Benin,BEN,AFRO,01/12/2022,Dec-22,0,0
Benin,BEN,AFRO,01/01/2023,Jan-23,0,0
Benin,BEN,AFRO,01/02/2023,Feb-23,0,0
Benin,BEN,AFRO,01/03/2023,Mar-23,0,0
Benin,BEN,AFRO,01/04/2023,Apr-23,0,0
Benin,BEN,AFRO,01/05/2023,May-23,0,0
Benin,BEN,AFRO,01/06/2023,Jun-23,0,0
Benin,BEN,AFRO,01/07/2023,Jul-23,0,0
Benin,BEN,AFRO,01/08/2023,Aug-23,0,0
Benin,BEN,AFRO,01/09/2023,Sep-23,0,0
Benin,BEN,AFRO,01/10/2023,Oct-23,0,0
Bermuda,BMU,AMRO,01/07/2022,Jul-22,1,0
Bermuda,BMU,AMRO,01/08/2022,Aug-22,0,0
Bermuda,BMU,AMRO,01/09/2022,Sep-22,0,0
Bermuda,BMU,AMRO,01/10/2022,Oct-22,0,0
Bermuda,BMU,AMRO,01/11/2022,Nov-22,0,0
Bermuda,BMU,AMRO,01/12/2022,Dec-22,0,0
Bermuda,BMU,AMRO,01/01/2023,Jan-23,0,0
Bermuda,BMU,AMRO,01/02/2023,Feb-23,0,0
Bermuda,BMU,AMRO,01/03/2023,Mar-23,0,0
Bermuda,BMU,AMRO,01/04/2023,Apr-23,0,0
Bermuda,BMU,AMRO,01/05/2023,May-23,0,0
Bermuda,BMU,AMRO,01/06/2023,Jun-23,0,0
Bermuda,BMU,AMRO,01/07/2023,Jul-23,0,0
Bermuda,BMU,AMRO,01/08/2023,Aug-23,0,0
Bermuda,BMU,AMRO,01/09/2023,Sep-23,0,0
Bermuda,BMU,AMRO,01/10/2023,Oct-23,0,0
Bolivia (Plurinational State of),BOL,AMRO,01/08/2022,Aug-22,86,0
Bolivia (Plurinational State of),BOL,AMRO,01/09/2022,Sep-22,109,0
Bolivia (Plurinational State of),BOL,AMRO,01/10/2022,Oct-22,46,0
Bolivia (Plurinational State of),BOL,AMRO,01/11/2022,Nov-22,18,0
Bolivia (Plurinational State of),BOL,AMRO,01/12/2022,Dec-22,2,0
Bolivia (Plurinational State of),BOL,AMRO,01/01/2023,Jan-23,2,0
Bolivia (Plurinational State of),BOL,AMRO,01/02/2023,Feb-23,1,0
Bolivia (Plurinational State of),BOL,AMRO,01/03/2023,Mar-23,1,0
Bolivia (Plurinational State of),BOL,AMRO,01/04/2023,Apr-23,0,0
Bolivia (Plurinational State of),BOL,AMRO,01/05/2023,May-23,0,0
Bolivia (Plurinational State of),BOL,AMRO,01/06/2023,Jun-23,0,0
Bolivia (Plurinational State of),BOL,AMRO,01/07/2023,Jul-23,0,0
Bolivia (Plurinational State of),BOL,AMRO,01/08/2023,Aug-23,0,0
Bolivia (Plurinational State of),BOL,AMRO,01/09/2023,Sep-23,0,0
Bolivia (Plurinational State of),BOL,AMRO,01/10/2023,Oct-23,0,0
Bosnia and Herzegovina,BIH,EURO,01/07/2022,Jul-22,1,0
Bosnia and Herzegovina,BIH,EURO,01/08/2022,Aug-22,2,0
Bosnia and Herzegovina,BIH,EURO,01/09/2022,Sep-22,2,0
Bosnia and Herzegovina,BIH,EURO,01/10/2022,Oct-22,4,0
Bosnia and Herzegovina,BIH,EURO,01/11/2022,Nov-22,0,0
Bosnia and Herzegovina,BIH,EURO,01/12/2022,Dec-22,0,0
Bosnia and Herzegovina,BIH,EURO,01/01/2023,Jan-23,0,0
Bosnia and Herzegovina,BIH,EURO,01/02/2023,Feb-23,0,0
Bosnia and Herzegovina,BIH,EURO,01/03/2023,Mar-23,0,0
Bosnia and Herzegovina,BIH,EURO,01/04/2023,Apr-23,0,0
Bosnia and Herzegovina,BIH,EURO,01/05/2023,May-23,0,0
Bosnia and Herzegovina,BIH,EURO,01/06/2023,Jun-23,0,0
Bosnia and Herzegovina,BIH,EURO,01/07/2023,Jul-23,0,0
Bosnia and Herzegovina,BIH,EURO,01/08/2023,Aug-23,0,0
Bosnia and Herzegovina,BIH,EURO,01/09/2023,Sep-23,0,0
Bosnia and Herzegovina,BIH,EURO,01/10/2023,Oct-23,0,0
Brazil,BRA,AMRO,01/06/2022,Jun-22,63,0
Brazil,BRA,AMRO,01/07/2022,Jul-22,915,0
Brazil,BRA,AMRO,01/08/2022,Aug-22,4219,2
Brazil,BRA,AMRO,01/09/2022,Sep-22,2672,0
Brazil,BRA,AMRO,01/10/2022,Oct-22,1314,6
Brazil,BRA,AMRO,01/11/2022,Nov-22,917,6
Brazil,BRA,AMRO,01/12/2022,Dec-22,411,0
Brazil,BRA,AMRO,01/01/2023,Jan-23,219,1
Brazil,BRA,AMRO,01/02/2023,Feb-23,95,0
Brazil,BRA,AMRO,01/03/2023,Mar-23,65,0
Brazil,BRA,AMRO,01/04/2023,Apr-23,25,1
Brazil,BRA,AMRO,01/05/2023,May-23,33,0
Brazil,BRA,AMRO,01/06/2023,Jun-23,13,0
Brazil,BRA,AMRO,01/07/2023,Jul-23,6,0
Brazil,BRA,AMRO,01/08/2023,Aug-23,0,0
Brazil,BRA,AMRO,01/09/2023,Sep-23,0,0
Brazil,BRA,AMRO,01/10/2023,Oct-23,0,0
Bulgaria,BGR,EURO,01/06/2022,Jun-22,3,0
Bulgaria,BGR,EURO,01/07/2022,Jul-22,1,0
Bulgaria,BGR,EURO,01/08/2022,Aug-22,0,0
Bulgaria,BGR,EURO,01/09/2022,Sep-22,2,0
Bulgaria,BGR,EURO,01/10/2022,Oct-22,0,0
Bulgaria,BGR,EURO,01/11/2022,Nov-22,0,0
Bulgaria,BGR,EURO,01/12/2022,Dec-22,0,0
Bulgaria,BGR,EURO,01/01/2023,Jan-23,0,0
Bulgaria,BGR,EURO,01/02/2023,Feb-23,0,0
Bulgaria,BGR,EURO,01/03/2023,Mar-23,0,0
Bulgaria,BGR,EURO,01/04/2023,Apr-23,0,0
Bulgaria,BGR,EURO,01/05/2023,May-23,0,0
Bulgaria,BGR,EURO,01/06/2023,Jun-23,0,0
Bulgaria,BGR,EURO,01/07/2023,Jul-23,0,0
Bulgaria,BGR,EURO,01/08/2023,Aug-23,0,0
Bulgaria,BGR,EURO,01/09/2023,Sep-23,0,0
Bulgaria,BGR,EURO,01/10/2023,Oct-23,0,0
Cameroon,CMR,AFRO,01/03/2022,Mar-22,3,1
Cameroon,CMR,AFRO,01/04/2022,Apr-22,1,0
Cameroon,CMR,AFRO,01/05/2022,May-22,0,0
Cameroon,CMR,AFRO,01/06/2022,Jun-22,2,0
Cameroon,CMR,AFRO,01/07/2022,Jul-22,2,0
Cameroon,CMR,AFRO,01/08/2022,Aug-22,0,2
Cameroon,CMR,AFRO,01/09/2022,Sep-22,2,0
Cameroon,CMR,AFRO,01/10/2022,Oct-22,6,0
Cameroon,CMR,AFRO,01/11/2022,Nov-22,2,0
Cameroon,CMR,AFRO,01/12/2022,Dec-22,0,0
Cameroon,CMR,AFRO,01/01/2023,Jan-23,0,0
Cameroon,CMR,AFRO,01/02/2023,Feb-23,0,0
Cameroon,CMR,AFRO,01/03/2023,Mar-23,0,0
Cameroon,CMR,AFRO,01/04/2023,Apr-23,0,0
Cameroon,CMR,AFRO,01/05/2023,May-23,13,0
Cameroon,CMR,AFRO,01/06/2023,Jun-23,10,0
Cameroon,CMR,AFRO,01/07/2023,Jul-23,2,0
Cameroon,CMR,AFRO,01/08/2023,Aug-23,0,0
Cameroon,CMR,AFRO,01/09/2023,Sep-23,1,0
Cameroon,CMR,AFRO,01/10/2023,Oct-23,1,0
Canada,CAN,AMRO,01/06/2022,Jun-22,287,0
Canada,CAN,AMRO,01/07/2022,Jul-22,516,0
Canada,CAN,AMRO,01/08/2022,Aug-22,486,0
Canada,CAN,AMRO,01/09/2022,Sep-22,107,0
Canada,CAN,AMRO,01/10/2022,Oct-22,40,0
Canada,CAN,AMRO,01/11/2022,Nov-22,20,0
Canada,CAN,AMRO,01/12/2022,Dec-22,4,0
Canada,CAN,AMRO,01/01/2023,Jan-23,0,0
Canada,CAN,AMRO,01/02/2023,Feb-23,0,0
Canada,CAN,AMRO,01/03/2023,Mar-23,18,0
Canada,CAN,AMRO,01/04/2023,Apr-23,6,0
Canada,CAN,AMRO,01/05/2023,May-23,12,0
Canada,CAN,AMRO,01/06/2023,Jun-23,0,0
Canada,CAN,AMRO,01/07/2023,Jul-23,0,0
Canada,CAN,AMRO,01/08/2023,Aug-23,0,0
Canada,CAN,AMRO,01/09/2023,Sep-23,0,0
Canada,CAN,AMRO,01/10/2023,Oct-23,0,0
Central African Republic,CAF,AFRO,01/01/2022,Jan-22,1,0
Central African Republic,CAF,AFRO,01/02/2022,Feb-22,2,0
Central African Republic,CAF,AFRO,01/03/2022,Mar-22,1,0
Central African Republic,CAF,AFRO,01/04/2022,Apr-22,0,0
Central African Republic,CAF,AFRO,01/05/2022,May-22,0,0
Central African Republic,CAF,AFRO,01/06/2022,Jun-22,0,0
Central African Republic,CAF,AFRO,01/07/2022,Jul-22,3,0
Central African Republic,CAF,AFRO,01/08/2022,Aug-22,1,0
Central African Republic,CAF,AFRO,01/09/2022,Sep-22,2,0
Central African Republic,CAF,AFRO,01/10/2022,Oct-22,3,0
Central African Republic,CAF,AFRO,01/11/2022,Nov-22,0,0
Central African Republic,CAF,AFRO,01/12/2022,Dec-22,3,0
Central African Republic,CAF,AFRO,01/01/2023,Jan-23,6,0
Central African Republic,CAF,AFRO,01/02/2023,Feb-23,4,1
Central African Republic,CAF,AFRO,01/03/2023,Mar-23,4,0
Central African Republic,CAF,AFRO,01/04/2023,Apr-23,0,0
Central African Republic,CAF,AFRO,01/05/2023,May-23,0,0
Central African Republic,CAF,AFRO,01/06/2023,Jun-23,0,0
Central African Republic,CAF,AFRO,01/07/2023,Jul-23,0,0
Central African Republic,CAF,AFRO,01/08/2023,Aug-23,0,0
Central African Republic,CAF,AFRO,01/09/2023,Sep-23,0,0
Central African Republic,CAF,AFRO,01/10/2023,Oct-23,0,0
Chile,CHL,AMRO,01/06/2022,Jun-22,6,0
Chile,CHL,AMRO,01/07/2022,Jul-22,49,0
Chile,CHL,AMRO,01/08/2022,Aug-22,326,0
Chile,CHL,AMRO,01/09/2022,Sep-22,499,0
Chile,CHL,AMRO,01/10/2022,Oct-22,269,0
Chile,CHL,AMRO,01/11/2022,Nov-22,163,2
Chile,CHL,AMRO,01/12/2022,Dec-22,65,0
Chile,CHL,AMRO,01/01/2023,Jan-23,31,0
Chile,CHL,AMRO,01/02/2023,Feb-23,23,0
Chile,CHL,AMRO,01/03/2023,Mar-23,8,0
Chile,CHL,AMRO,01/04/2023,Apr-23,1,0
Chile,CHL,AMRO,01/05/2023,May-23,1,0
Chile,CHL,AMRO,01/06/2023,Jun-23,0,0
Chile,CHL,AMRO,01/07/2023,Jul-23,1,1
Chile,CHL,AMRO,01/08/2023,Aug-23,0,0
Chile,CHL,AMRO,01/09/2023,Sep-23,0,0
Chile,CHL,AMRO,01/10/2023,Oct-23,3,0
China,CHN,WPRO,01/06/2022,Jun-22,1,0
China,CHN,WPRO,01/07/2022,Jul-22,1,0
China,CHN,WPRO,01/08/2022,Aug-22,1,0
China,CHN,WPRO,01/09/2022,Sep-22,2,0
China,CHN,WPRO,01/10/2022,Oct-22,1,0
China,CHN,WPRO,01/02/2023,Feb-23,2,0
China,CHN,WPRO,01/03/2023,Mar-23,16,0
China,CHN,WPRO,01/04/2023,Apr-23,31,0
China,CHN,WPRO,01/05/2023,May-23,81,0
China,CHN,WPRO,01/06/2023,Jun-23,161,0
China,CHN,WPRO,01/07/2023,Jul-23,576,0
China,CHN,WPRO,01/08/2023,Aug-23,556,0
China,CHN,WPRO,01/09/2023,Sep-23,365,0
China,CHN,WPRO,01/10/2023,Oct-23,141,0
Colombia,COL,AMRO,01/06/2022,Jun-22,5,0
Colombia,COL,AMRO,01/07/2022,Jul-22,7,0
Colombia,COL,AMRO,01/08/2022,Aug-22,570,0
Colombia,COL,AMRO,01/09/2022,Sep-22,1460,0
Colombia,COL,AMRO,01/10/2022,Oct-22,1256,0
Colombia,COL,AMRO,01/11/2022,Nov-22,563,0
Colombia,COL,AMRO,01/12/2022,Dec-22,160,0
Colombia,COL,AMRO,01/01/2023,Jan-23,45,0
Colombia,COL,AMRO,01/02/2023,Feb-23,15,0
Colombia,COL,AMRO,01/03/2023,Mar-23,8,0
Colombia,COL,AMRO,01/04/2023,Apr-23,1,0
Colombia,COL,AMRO,01/05/2023,May-23,0,0
Colombia,COL,AMRO,01/06/2023,Jun-23,0,0
Colombia,COL,AMRO,01/07/2023,Jul-23,0,0
Colombia,COL,AMRO,01/08/2023,Aug-23,0,0
Colombia,COL,AMRO,01/09/2023,Sep-23,0,0
Colombia,COL,AMRO,01/10/2023,Oct-23,0,0
Congo,COG,AFRO,01/04/2022,Apr-22,2,0
Congo,COG,AFRO,01/05/2022,May-22,0,0
Congo,COG,AFRO,01/06/2022,Jun-22,0,0
Congo,COG,AFRO,01/07/2022,Jul-22,0,0
Congo,COG,AFRO,01/08/2022,Aug-22,1,0
Congo,COG,AFRO,01/09/2022,Sep-22,2,0
Congo,COG,AFRO,01/10/2022,Oct-22,0,0
Congo,COG,AFRO,01/11/2022,Nov-22,0,0
Congo,COG,AFRO,01/12/2022,Dec-22,0,0
Congo,COG,AFRO,01/01/2023,Jan-23,0,0
Congo,COG,AFRO,01/02/2023,Feb-23,0,0
Congo,COG,AFRO,01/03/2023,Mar-23,0,0
Congo,COG,AFRO,01/04/2023,Apr-23,0,0
Congo,COG,AFRO,01/05/2023,May-23,0,0
Congo,COG,AFRO,01/06/2023,Jun-23,0,0
Congo,COG,AFRO,01/07/2023,Jul-23,0,0
Congo,COG,AFRO,01/08/2023,Aug-23,7,0
Congo,COG,AFRO,01/09/2023,Sep-23,6,0
Congo,COG,AFRO,01/10/2023,Oct-23,7,2
Costa Rica,CRI,AMRO,01/07/2022,Jul-22,3,0
Costa Rica,CRI,AMRO,01/08/2022,Aug-22,0,0
Costa Rica,CRI,AMRO,01/09/2022,Sep-22,1,0
Costa Rica,CRI,AMRO,01/10/2022,Oct-22,4,0
Costa Rica,CRI,AMRO,01/11/2022,Nov-22,16,0
Costa Rica,CRI,AMRO,01/12/2022,Dec-22,46,0
Costa Rica,CRI,AMRO,01/01/2023,Jan-23,70,0
Costa Rica,CRI,AMRO,01/02/2023,Feb-23,48,0
Costa Rica,CRI,AMRO,01/03/2023,Mar-23,29,0
Costa Rica,CRI,AMRO,01/04/2023,Apr-23,4,0
Costa Rica,CRI,AMRO,01/05/2023,May-23,2,0
Costa Rica,CRI,AMRO,01/06/2023,Jun-23,2,0
Costa Rica,CRI,AMRO,01/07/2023,Jul-23,0,0
Costa Rica,CRI,AMRO,01/08/2023,Aug-23,0,0
Costa Rica,CRI,AMRO,01/09/2023,Sep-23,0,0
Costa Rica,CRI,AMRO,01/10/2023,Oct-23,0,0
Croatia,HRV,EURO,01/06/2022,Jun-22,1,0
Croatia,HRV,EURO,01/07/2022,Jul-22,10,0
Croatia,HRV,EURO,01/08/2022,Aug-22,15,0
Croatia,HRV,EURO,01/09/2022,Sep-22,3,0
Croatia,HRV,EURO,01/10/2022,Oct-22,0,0
Croatia,HRV,EURO,01/11/2022,Nov-22,0,0
Croatia,HRV,EURO,01/12/2022,Dec-22,0,0
Croatia,HRV,EURO,01/01/2023,Jan-23,4,0
Croatia,HRV,EURO,01/02/2023,Feb-23,0,0
Croatia,HRV,EURO,01/03/2023,Mar-23,0,0
Croatia,HRV,EURO,01/04/2023,Apr-23,0,0
Croatia,HRV,EURO,01/05/2023,May-23,0,0
Croatia,HRV,EURO,01/06/2023,Jun-23,0,0
Croatia,HRV,EURO,01/07/2023,Jul-23,0,0
Croatia,HRV,EURO,01/08/2023,Aug-23,0,0
Croatia,HRV,EURO,01/09/2023,Sep-23,0,0
Croatia,HRV,EURO,01/10/2023,Oct-23,0,0
Cuba,CUB,AMRO,01/08/2022,Aug-22,2,1
Cuba,CUB,AMRO,01/09/2022,Sep-22,1,0
Cuba,CUB,AMRO,01/10/2022,Oct-22,1,0
Cuba,CUB,AMRO,01/11/2022,Nov-22,4,0
Cuba,CUB,AMRO,01/12/2022,Dec-22,0,0
Cuba,CUB,AMRO,01/01/2023,Jan-23,0,0
Cuba,CUB,AMRO,01/02/2023,Feb-23,0,0
Cuba,CUB,AMRO,01/03/2023,Mar-23,0,0
Cuba,CUB,AMRO,01/04/2023,Apr-23,0,0
Cuba,CUB,AMRO,01/05/2023,May-23,0,0
Cuba,CUB,AMRO,01/06/2023,Jun-23,0,0
Cuba,CUB,AMRO,01/07/2023,Jul-23,0,0
Cuba,CUB,AMRO,01/08/2023,Aug-23,0,0
Cuba,CUB,AMRO,01/09/2023,Sep-23,0,0
Cuba,CUB,AMRO,01/10/2023,Oct-23,0,0
Curaçao,CUW,AMRO,01/08/2022,Aug-22,1,0
Curaçao,CUW,AMRO,01/09/2022,Sep-22,2,0
Curaçao,CUW,AMRO,01/10/2022,Oct-22,0,0
Curaçao,CUW,AMRO,01/11/2022,Nov-22,0,0
Curaçao,CUW,AMRO,01/12/2022,Dec-22,0,0
Curaçao,CUW,AMRO,01/01/2023,Jan-23,0,0
Curaçao,CUW,AMRO,01/02/2023,Feb-23,0,0
Curaçao,CUW,AMRO,01/03/2023,Mar-23,0,0
Curaçao,CUW,AMRO,01/04/2023,Apr-23,0,0
Curaçao,CUW,AMRO,01/05/2023,May-23,0,0
Curaçao,CUW,AMRO,01/06/2023,Jun-23,0,0
Curaçao,CUW,AMRO,01/07/2023,Jul-23,0,0
Curaçao,CUW,AMRO,01/08/2023,Aug-23,0,0
Curaçao,CUW,AMRO,01/09/2023,Sep-23,0,0
Curaçao,CUW,AMRO,01/10/2023,Oct-23,0,0
Cyprus,CYP,EURO,01/08/2022,Aug-22,5,0
Cyprus,CYP,EURO,01/09/2022,Sep-22,0,0
Cyprus,CYP,EURO,01/10/2022,Oct-22,0,0
Cyprus,CYP,EURO,01/11/2022,Nov-22,0,0
Cyprus,CYP,EURO,01/12/2022,Dec-22,0,0
Cyprus,CYP,EURO,01/01/2023,Jan-23,0,0
Cyprus,CYP,EURO,01/02/2023,Feb-23,0,0
Cyprus,CYP,EURO,01/03/2023,Mar-23,0,0
Cyprus,CYP,EURO,01/04/2023,Apr-23,0,0
Cyprus,CYP,EURO,01/05/2023,May-23,0,0
Cyprus,CYP,EURO,01/06/2023,Jun-23,0,0
Cyprus,CYP,EURO,01/07/2023,Jul-23,0,0
Cyprus,CYP,EURO,01/08/2023,Aug-23,0,0
Cyprus,CYP,EURO,01/09/2023,Sep-23,0,0
Cyprus,CYP,EURO,01/10/2023,Oct-23,0,0
Czechia,CZE,EURO,01/05/2022,May-22,5,0
Czechia,CZE,EURO,01/06/2022,Jun-22,3,0
Czechia,CZE,EURO,01/07/2022,Jul-22,8,0
Czechia,CZE,EURO,01/08/2022,Aug-22,32,0
Czechia,CZE,EURO,01/09/2022,Sep-22,19,1
Czechia,CZE,EURO,01/10/2022,Oct-22,3,0
Czechia,CZE,EURO,01/11/2022,Nov-22,0,0
Czechia,CZE,EURO,01/12/2022,Dec-22,1,0
Czechia,CZE,EURO,01/01/2023,Jan-23,0,0
Czechia,CZE,EURO,01/02/2023,Feb-23,0,0
Czechia,CZE,EURO,01/03/2023,Mar-23,0,0
Czechia,CZE,EURO,01/04/2023,Apr-23,0,0
Czechia,CZE,EURO,01/05/2023,May-23,0,0
Czechia,CZE,EURO,01/06/2023,Jun-23,0,0
Czechia,CZE,EURO,01/07/2023,Jul-23,0,0
Czechia,CZE,EURO,01/08/2023,Aug-23,0,0
Czechia,CZE,EURO,01/09/2023,Sep-23,0,0
Czechia,CZE,EURO,01/10/2023,Oct-23,0,0
Democratic Republic of the Congo,COD,AFRO,01/05/2022,May-22,10,0
Democratic Republic of the Congo,COD,AFRO,01/06/2022,Jun-22,90,0
Democratic Republic of the Congo,COD,AFRO,01/07/2022,Jul-22,0,0
Democratic Republic of the Congo,COD,AFRO,01/08/2022,Aug-22,74,0
Democratic Republic of the Congo,COD,AFRO,01/09/2022,Sep-22,28,0
Democratic Republic of the Congo,COD,AFRO,01/10/2022,Oct-22,49,0
Democratic Republic of the Congo,COD,AFRO,01/11/2022,Nov-22,21,0
Democratic Republic of the Congo,COD,AFRO,01/12/2022,Dec-22,7,0
Democratic Republic of the Congo,COD,AFRO,01/01/2023,Jan-23,98,0
Democratic Republic of the Congo,COD,AFRO,01/02/2023,Feb-23,43,0
Democratic Republic of the Congo,COD,AFRO,01/03/2023,Mar-23,33,0
Democratic Republic of the Congo,COD,AFRO,01/04/2023,Apr-23,105,0
Democratic Republic of the Congo,COD,AFRO,01/05/2023,May-23,85,2
Democratic Republic of the Congo,COD,AFRO,01/06/2023,Jun-23,116,0
Democratic Republic of the Congo,COD,AFRO,01/07/2023,Jul-23,75,0
Democratic Republic of the Congo,COD,AFRO,01/08/2023,Aug-23,46,0
Democratic Republic of the Congo,COD,AFRO,01/09/2023,Sep-23,9,0
Democratic Republic of the Congo,COD,AFRO,01/10/2023,Oct-23,0,0
Denmark,DNK,EURO,01/05/2022,May-22,2,0
Denmark,DNK,EURO,01/06/2022,Jun-22,18,0
Denmark,DNK,EURO,01/07/2022,Jul-22,61,0
Denmark,DNK,EURO,01/08/2022,Aug-22,93,0
Denmark,DNK,EURO,01/09/2022,Sep-22,11,0
Denmark,DNK,EURO,01/10/2022,Oct-22,6,0
Denmark,DNK,EURO,01/11/2022,Nov-22,0,0
Denmark,DNK,EURO,01/12/2022,Dec-22,1,0
Denmark,DNK,EURO,01/01/2023,Jan-23,4,0
Denmark,DNK,EURO,01/02/2023,Feb-23,0,0
Denmark,DNK,EURO,01/03/2023,Mar-23,0,0
Denmark,DNK,EURO,01/04/2023,Apr-23,0,0
Denmark,DNK,EURO,01/05/2023,May-23,0,0
Denmark,DNK,EURO,01/06/2023,Jun-23,0,0
Denmark,DNK,EURO,01/07/2023,Jul-23,0,0
Denmark,DNK,EURO,01/08/2023,Aug-23,0,0
Denmark,DNK,EURO,01/09/2023,Sep-23,2,0
Denmark,DNK,EURO,01/10/2023,Oct-23,0,0
Dominican Republic,DOM,AMRO,01/07/2022,Jul-22,3,0
Dominican Republic,DOM,AMRO,01/08/2022,Aug-22,4,0
Dominican Republic,DOM,AMRO,01/09/2022,Sep-22,24,0
Dominican Republic,DOM,AMRO,01/10/2022,Oct-22,21,0
Dominican Republic,DOM,AMRO,01/11/2022,Nov-22,0,0
Dominican Republic,DOM,AMRO,01/12/2022,Dec-22,0,0
Dominican Republic,DOM,AMRO,01/01/2023,Jan-23,0,0
Dominican Republic,DOM,AMRO,01/02/2023,Feb-23,0,0
Dominican Republic,DOM,AMRO,01/03/2023,Mar-23,0,0
Dominican Republic,DOM,AMRO,01/04/2023,Apr-23,0,0
Dominican Republic,DOM,AMRO,01/05/2023,May-23,0,0
Dominican Republic,DOM,AMRO,01/06/2023,Jun-23,0,0
Dominican Republic,DOM,AMRO,01/07/2023,Jul-23,0,0
Dominican Republic,DOM,AMRO,01/08/2023,Aug-23,0,0
Dominican Republic,DOM,AMRO,01/09/2023,Sep-23,0,0
Dominican Republic,DOM,AMRO,01/10/2023,Oct-23,0,0
Ecuador,ECU,AMRO,01/07/2022,Jul-22,3,0
Ecuador,ECU,AMRO,01/08/2022,Aug-22,50,0
Ecuador,ECU,AMRO,01/09/2022,Sep-22,67,0
Ecuador,ECU,AMRO,01/10/2022,Oct-22,123,0
Ecuador,ECU,AMRO,01/11/2022,Nov-22,103,0
Ecuador,ECU,AMRO,01/12/2022,Dec-22,95,2
Ecuador,ECU,AMRO,01/01/2023,Jan-23,37,0
Ecuador,ECU,AMRO,01/02/2023,Feb-23,32,1
Ecuador,ECU,AMRO,01/03/2023,Mar-23,20,0
Ecuador,ECU,AMRO,01/04/2023,Apr-23,3,0
Ecuador,ECU,AMRO,01/05/2023,May-23,0,0
Ecuador,ECU,AMRO,01/06/2023,Jun-23,0,0
Ecuador,ECU,AMRO,01/07/2023,Jul-23,24,0
Ecuador,ECU,AMRO,01/08/2023,Aug-23,0,0
Ecuador,ECU,AMRO,01/09/2023,Sep-23,0,0
Ecuador,ECU,AMRO,01/10/2023,Oct-23,0,0
Egypt,EGY,EMRO,01/09/2022,Sep-22,1,0
Egypt,EGY,EMRO,01/12/2022,Dec-22,2,0
El Salvador,SLV,AMRO,01/08/2022,Aug-22,1,0
El Salvador,SLV,AMRO,01/09/2022,Sep-22,6,0
El Salvador,SLV,AMRO,01/10/2022,Oct-22,6,0
El Salvador,SLV,AMRO,01/11/2022,Nov-22,8,0
El Salvador,SLV,AMRO,01/12/2022,Dec-22,48,0
El Salvador,SLV,AMRO,01/01/2023,Jan-23,19,0
El Salvador,SLV,AMRO,01/02/2023,Feb-23,8,0
El Salvador,SLV,AMRO,01/03/2023,Mar-23,2,0
El Salvador,SLV,AMRO,01/04/2023,Apr-23,6,0
El Salvador,SLV,AMRO,01/05/2023,May-23,0,0
El Salvador,SLV,AMRO,01/06/2023,Jun-23,0,0
El Salvador,SLV,AMRO,01/07/2023,Jul-23,0,0
El Salvador,SLV,AMRO,01/08/2023,Aug-23,0,0
El Salvador,SLV,AMRO,01/09/2023,Sep-23,0,0
El Salvador,SLV,AMRO,01/10/2023,Oct-23,0,0
Estonia,EST,EURO,01/06/2022,Jun-22,1,0
Estonia,EST,EURO,01/07/2022,Jul-22,4,0
Estonia,EST,EURO,01/08/2022,Aug-22,5,0
Estonia,EST,EURO,01/09/2022,Sep-22,1,0
Estonia,EST,EURO,01/10/2022,Oct-22,0,0
Estonia,EST,EURO,01/11/2022,Nov-22,0,0
Estonia,EST,EURO,01/12/2022,Dec-22,0,0
Estonia,EST,EURO,01/01/2023,Jan-23,0,0
Estonia,EST,EURO,01/02/2023,Feb-23,0,0
Estonia,EST,EURO,01/03/2023,Mar-23,0,0
Estonia,EST,EURO,01/04/2023,Apr-23,0,0
Estonia,EST,EURO,01/05/2023,May-23,0,0
Estonia,EST,EURO,01/06/2023,Jun-23,0,0
Estonia,EST,EURO,01/07/2023,Jul-23,0,0
Estonia,EST,EURO,01/08/2023,Aug-23,0,0
Estonia,EST,EURO,01/09/2023,Sep-23,0,0
Estonia,EST,EURO,01/10/2023,Oct-23,0,0
Finland,FIN,EURO,01/05/2022,May-22,1,0
Finland,FIN,EURO,01/06/2022,Jun-22,3,0
Finland,FIN,EURO,01/07/2022,Jul-22,13,0
Finland,FIN,EURO,01/08/2022,Aug-22,5,0
Finland,FIN,EURO,01/09/2022,Sep-22,18,0
Finland,FIN,EURO,01/10/2022,Oct-22,1,0
Finland,FIN,EURO,01/11/2022,Nov-22,1,0
Finland,FIN,EURO,01/12/2022,Dec-22,0,0
Finland,FIN,EURO,01/01/2023,Jan-23,0,0
Finland,FIN,EURO,01/02/2023,Feb-23,0,0
Finland,FIN,EURO,01/03/2023,Mar-23,0,0
Finland,FIN,EURO,01/04/2023,Apr-23,0,0
Finland,FIN,EURO,01/05/2023,May-23,0,0
Finland,FIN,EURO,01/06/2023,Jun-23,0,0
Finland,FIN,EURO,01/07/2023,Jul-23,0,0
Finland,FIN,EURO,01/08/2023,Aug-23,0,0
Finland,FIN,EURO,01/09/2023,Sep-23,0,0
Finland,FIN,EURO,01/10/2023,Oct-23,1,0
France,FRA,EURO,01/05/2022,May-22,17,0
France,FRA,EURO,01/06/2022,Jun-22,481,0
France,FRA,EURO,01/07/2022,Jul-22,1339,0
France,FRA,EURO,01/08/2022,Aug-22,1710,0
France,FRA,EURO,01/09/2022,Sep-22,452,0
France,FRA,EURO,01/10/2022,Oct-22,95,0
France,FRA,EURO,01/11/2022,Nov-22,13,0
France,FRA,EURO,01/12/2022,Dec-22,7,0
France,FRA,EURO,01/01/2023,Jan-23,14,0
France,FRA,EURO,01/02/2023,Feb-23,0,0
France,FRA,EURO,01/03/2023,Mar-23,0,0
France,FRA,EURO,01/04/2023,Apr-23,16,0
France,FRA,EURO,01/05/2023,May-23,2,0
France,FRA,EURO,01/06/2023,Jun-23,0,0
France,FRA,EURO,01/07/2023,Jul-23,1,0
France,FRA,EURO,01/08/2023,Aug-23,3,0
France,FRA,EURO,01/09/2023,Sep-23,8,0
France,FRA,EURO,01/10/2023,Oct-23,3,0
Georgia,GEO,EURO,01/06/2022,Jun-22,1,0
Georgia,GEO,EURO,01/07/2022,Jul-22,0,0
Georgia,GEO,EURO,01/08/2022,Aug-22,1,0
Georgia,GEO,EURO,01/09/2022,Sep-22,0,0
Georgia,GEO,EURO,01/10/2022,Oct-22,0,0
Georgia,GEO,EURO,01/11/2022,Nov-22,0,0
Georgia,GEO,EURO,01/12/2022,Dec-22,0,0
Georgia,GEO,EURO,01/01/2023,Jan-23,0,0
Georgia,GEO,EURO,01/02/2023,Feb-23,0,0
Georgia,GEO,EURO,01/03/2023,Mar-23,0,0
Georgia,GEO,EURO,01/04/2023,Apr-23,0,0
Georgia,GEO,EURO,01/05/2023,May-23,0,0
Georgia,GEO,EURO,01/06/2023,Jun-23,0,0
Georgia,GEO,EURO,01/07/2023,Jul-23,0,0
Georgia,GEO,EURO,01/08/2023,Aug-23,0,0
Georgia,GEO,EURO,01/09/2023,Sep-23,0,0
Georgia,GEO,EURO,01/10/2023,Oct-23,0,0
Germany,DEU,EURO,01/05/2022,May-22,33,0
Germany,DEU,EURO,01/06/2022,Jun-22,936,0
Germany,DEU,EURO,01/07/2022,Jul-22,1626,0
Germany,DEU,EURO,01/08/2022,Aug-22,872,0
Germany,DEU,EURO,01/09/2022,Sep-22,158,0
Germany,DEU,EURO,01/10/2022,Oct-22,37,0
Germany,DEU,EURO,01/11/2022,Nov-22,9,0
Germany,DEU,EURO,01/12/2022,Dec-22,5,0
Germany,DEU,EURO,01/01/2023,Jan-23,16,0
Germany,DEU,EURO,01/02/2023,Feb-23,0,0
Germany,DEU,EURO,01/03/2023,Mar-23,0,0
Germany,DEU,EURO,01/04/2023,Apr-23,0,0
Germany,DEU,EURO,01/05/2023,May-23,-1,0
Germany,DEU,EURO,01/06/2023,Jun-23,0,0
Germany,DEU,EURO,01/07/2023,Jul-23,0,0
Germany,DEU,EURO,01/08/2023,Aug-23,3,0
Germany,DEU,EURO,01/09/2023,Sep-23,14,0
Germany,DEU,EURO,01/10/2023,Oct-23,49,0
Ghana,GHA,AFRO,01/02/2022,Feb-22,1,0
Ghana,GHA,AFRO,01/03/2022,Mar-22,1,0
Ghana,GHA,AFRO,01/04/2022,Apr-22,0,0
Ghana,GHA,AFRO,01/05/2022,May-22,0,0
Ghana,GHA,AFRO,01/06/2022,Jun-22,21,0
Ghana,GHA,AFRO,01/07/2022,Jul-22,28,1
Ghana,GHA,AFRO,01/08/2022,Aug-22,34,3
Ghana,GHA,AFRO,01/09/2022,Sep-22,19,0
Ghana,GHA,AFRO,01/10/2022,Oct-22,3,0
Ghana,GHA,AFRO,01/11/2022,Nov-22,3,0
Ghana,GHA,AFRO,01/12/2022,Dec-22,11,0
Ghana,GHA,AFRO,01/01/2023,Jan-23,2,0
Ghana,GHA,AFRO,01/02/2023,Feb-23,0,0
Ghana,GHA,AFRO,01/03/2023,Mar-23,1,0
Ghana,GHA,AFRO,01/04/2023,Apr-23,1,0
Ghana,GHA,AFRO,01/05/2023,May-23,2,0
Ghana,GHA,AFRO,01/06/2023,Jun-23,0,0
Ghana,GHA,AFRO,01/07/2023,Jul-23,0,0
Ghana,GHA,AFRO,01/08/2023,Aug-23,0,0
Ghana,GHA,AFRO,01/09/2023,Sep-23,0,0
Ghana,GHA,AFRO,01/10/2023,Oct-23,0,0
Gibraltar,GIB,EURO,01/06/2022,Jun-22,1,0
Gibraltar,GIB,EURO,01/07/2022,Jul-22,4,0
Gibraltar,GIB,EURO,01/08/2022,Aug-22,1,0
Gibraltar,GIB,EURO,01/09/2022,Sep-22,0,0
Gibraltar,GIB,EURO,01/10/2022,Oct-22,0,0
Gibraltar,GIB,EURO,01/11/2022,Nov-22,0,0
Gibraltar,GIB,EURO,01/12/2022,Dec-22,0,0
Gibraltar,GIB,EURO,01/01/2023,Jan-23,0,0
Gibraltar,GIB,EURO,01/02/2023,Feb-23,0,0
Gibraltar,GIB,EURO,01/03/2023,Mar-23,0,0
Gibraltar,GIB,EURO,01/04/2023,Apr-23,0,0
Gibraltar,GIB,EURO,01/05/2023,May-23,0,0
Gibraltar,GIB,EURO,01/06/2023,Jun-23,0,0
Gibraltar,GIB,EURO,01/07/2023,Jul-23,0,0
Gibraltar,GIB,EURO,01/08/2023,Aug-23,0,0
Gibraltar,GIB,EURO,01/09/2023,Sep-23,0,0
Gibraltar,GIB,EURO,01/10/2023,Oct-23,0,0
Greece,GRC,EURO,01/06/2022,Jun-22,3,0
Greece,GRC,EURO,01/07/2022,Jul-22,29,0
Greece,GRC,EURO,01/08/2022,Aug-22,24,0
Greece,GRC,EURO,01/09/2022,Sep-22,24,0
Greece,GRC,EURO,01/10/2022,Oct-22,4,0
Greece,GRC,EURO,01/11/2022,Nov-22,1,0
Greece,GRC,EURO,01/12/2022,Dec-22,0,0
Greece,GRC,EURO,01/01/2023,Jan-23,1,0
Greece,GRC,EURO,01/02/2023,Feb-23,0,0
Greece,GRC,EURO,01/03/2023,Mar-23,1,0
Greece,GRC,EURO,01/04/2023,Apr-23,0,0
Greece,GRC,EURO,01/05/2023,May-23,1,0
Greece,GRC,EURO,01/06/2023,Jun-23,0,0
Greece,GRC,EURO,01/07/2023,Jul-23,0,0
Greece,GRC,EURO,01/08/2023,Aug-23,0,0
Greece,GRC,EURO,01/09/2023,Sep-23,0,0
Greece,GRC,EURO,01/10/2023,Oct-23,0,0
Greenland,GRL,EURO,01/08/2022,Aug-22,2,0
Greenland,GRL,EURO,01/09/2022,Sep-22,0,0
Greenland,GRL,EURO,01/10/2022,Oct-22,0,0
Greenland,GRL,EURO,01/11/2022,Nov-22,0,0
Greenland,GRL,EURO,01/12/2022,Dec-22,0,0
Greenland,GRL,EURO,01/01/2023,Jan-23,0,0
Greenland,GRL,EURO,01/02/2023,Feb-23,0,0
Greenland,GRL,EURO,01/03/2023,Mar-23,0,0
Greenland,GRL,EURO,01/04/2023,Apr-23,0,0
Greenland,GRL,EURO,01/05/2023,May-23,0,0
Greenland,GRL,EURO,01/06/2023,Jun-23,0,0
Greenland,GRL,EURO,01/07/2023,Jul-23,0,0
Greenland,GRL,EURO,01/08/2023,Aug-23,0,0
Greenland,GRL,EURO,01/09/2023,Sep-23,0,0
Greenland,GRL,EURO,01/10/2023,Oct-23,0,0
Guadeloupe,GLP,AMRO,01/08/2022,Aug-22,1,0
Guadeloupe,GLP,AMRO,01/09/2022,Sep-22,0,0
Guadeloupe,GLP,AMRO,01/10/2022,Oct-22,0,0
Guadeloupe,GLP,AMRO,01/11/2022,Nov-22,0,0
Guadeloupe,GLP,AMRO,01/12/2022,Dec-22,0,0
Guadeloupe,GLP,AMRO,01/01/2023,Jan-23,0,0
Guadeloupe,GLP,AMRO,01/02/2023,Feb-23,0,0
Guadeloupe,GLP,AMRO,01/03/2023,Mar-23,0,0
Guadeloupe,GLP,AMRO,01/04/2023,Apr-23,0,0
Guadeloupe,GLP,AMRO,01/05/2023,May-23,0,0
Guadeloupe,GLP,AMRO,01/06/2023,Jun-23,0,0
Guadeloupe,GLP,AMRO,01/07/2023,Jul-23,0,0
Guadeloupe,GLP,AMRO,01/08/2023,Aug-23,0,0
Guadeloupe,GLP,AMRO,01/09/2023,Sep-23,0,0
Guadeloupe,GLP,AMRO,01/10/2023,Oct-23,0,0
Guam,GUM,WPRO,01/09/2022,Sep-22,1,0
Guatemala,GTM,AMRO,01/08/2022,Aug-22,10,0
Guatemala,GTM,AMRO,01/09/2022,Sep-22,17,0
Guatemala,GTM,AMRO,01/10/2022,Oct-22,47,0
Guatemala,GTM,AMRO,01/11/2022,Nov-22,118,0
Guatemala,GTM,AMRO,01/12/2022,Dec-22,67,0
Guatemala,GTM,AMRO,01/01/2023,Jan-23,89,0
Guatemala,GTM,AMRO,01/02/2023,Feb-23,35,0
Guatemala,GTM,AMRO,01/03/2023,Mar-23,21,0
Guatemala,GTM,AMRO,01/04/2023,Apr-23,0,1
Guatemala,GTM,AMRO,01/05/2023,May-23,1,0
Guatemala,GTM,AMRO,01/06/2023,Jun-23,0,0
Guatemala,GTM,AMRO,01/07/2023,Jul-23,0,0
Guatemala,GTM,AMRO,01/08/2023,Aug-23,0,0
Guatemala,GTM,AMRO,01/09/2023,Sep-23,0,0
Guatemala,GTM,AMRO,01/10/2023,Oct-23,0,0
Guyana,GUY,AMRO,01/08/2022,Aug-22,2,0
Guyana,GUY,AMRO,01/09/2022,Sep-22,0,0
Guyana,GUY,AMRO,01/10/2022,Oct-22,0,0
Guyana,GUY,AMRO,01/11/2022,Nov-22,0,0
Guyana,GUY,AMRO,01/12/2022,Dec-22,0,0
Guyana,GUY,AMRO,01/01/2023,Jan-23,0,0
Guyana,GUY,AMRO,01/02/2023,Feb-23,0,0
Guyana,GUY,AMRO,01/03/2023,Mar-23,0,0
Guyana,GUY,AMRO,01/04/2023,Apr-23,0,0
Guyana,GUY,AMRO,01/05/2023,May-23,0,0
Guyana,GUY,AMRO,01/06/2023,Jun-23,0,0
Guyana,GUY,AMRO,01/07/2023,Jul-23,0,0
Guyana,GUY,AMRO,01/08/2023,Aug-23,0,0
Guyana,GUY,AMRO,01/09/2023,Sep-23,0,0
Guyana,GUY,AMRO,01/10/2023,Oct-23,0,0
Honduras,HND,AMRO,01/08/2022,Aug-22,4,0
Honduras,HND,AMRO,01/09/2022,Sep-22,2,0
Honduras,HND,AMRO,01/10/2022,Oct-22,1,0
Honduras,HND,AMRO,01/11/2022,Nov-22,4,0
Honduras,HND,AMRO,01/12/2022,Dec-22,0,0
Honduras,HND,AMRO,01/01/2023,Jan-23,2,0
Honduras,HND,AMRO,01/02/2023,Feb-23,5,0
Honduras,HND,AMRO,01/03/2023,Mar-23,22,0
Honduras,HND,AMRO,01/04/2023,Apr-23,2,0
Honduras,HND,AMRO,01/05/2023,May-23,2,0
Honduras,HND,AMRO,01/06/2023,Jun-23,0,0
Honduras,HND,AMRO,01/07/2023,Jul-23,0,0
Honduras,HND,AMRO,01/08/2023,Aug-23,0,0
Honduras,HND,AMRO,01/09/2023,Sep-23,0,0
Honduras,HND,AMRO,01/10/2023,Oct-23,0,0
Hungary,HUN,EURO,01/05/2022,May-22,1,0
Hungary,HUN,EURO,01/06/2022,Jun-22,17,0
Hungary,HUN,EURO,01/07/2022,Jul-22,19,0
Hungary,HUN,EURO,01/08/2022,Aug-22,33,0
Hungary,HUN,EURO,01/09/2022,Sep-22,7,0
Hungary,HUN,EURO,01/10/2022,Oct-22,3,0
Hungary,HUN,EURO,01/11/2022,Nov-22,0,0
Hungary,HUN,EURO,01/12/2022,Dec-22,0,0
Hungary,HUN,EURO,01/01/2023,Jan-23,0,0
Hungary,HUN,EURO,01/02/2023,Feb-23,0,0
Hungary,HUN,EURO,01/03/2023,Mar-23,0,0
Hungary,HUN,EURO,01/04/2023,Apr-23,0,0
Hungary,HUN,EURO,01/05/2023,May-23,0,0
Hungary,HUN,EURO,01/06/2023,Jun-23,0,0
Hungary,HUN,EURO,01/07/2023,Jul-23,0,0
Hungary,HUN,EURO,01/08/2023,Aug-23,0,0
Hungary,HUN,EURO,01/09/2023,Sep-23,0,0
Hungary,HUN,EURO,01/10/2023,Oct-23,1,0
Iceland,ISL,EURO,01/06/2022,Jun-22,4,0
Iceland,ISL,EURO,01/07/2022,Jul-22,5,0
Iceland,ISL,EURO,01/08/2022,Aug-22,3,0
Iceland,ISL,EURO,01/09/2022,Sep-22,2,0
Iceland,ISL,EURO,01/10/2022,Oct-22,2,0
Iceland,ISL,EURO,01/11/2022,Nov-22,0,0
Iceland,ISL,EURO,01/12/2022,Dec-22,0,0
Iceland,ISL,EURO,01/01/2023,Jan-23,0,0
Iceland,ISL,EURO,01/02/2023,Feb-23,0,0
Iceland,ISL,EURO,01/03/2023,Mar-23,0,0
Iceland,ISL,EURO,01/04/2023,Apr-23,0,0
Iceland,ISL,EURO,01/05/2023,May-23,0,0
Iceland,ISL,EURO,01/06/2023,Jun-23,0,0
Iceland,ISL,EURO,01/07/2023,Jul-23,0,0
Iceland,ISL,EURO,01/08/2023,Aug-23,0,0
Iceland,ISL,EURO,01/09/2023,Sep-23,1,0
Iceland,ISL,EURO,01/10/2023,Oct-23,0,0
India,IND,SEARO,01/07/2022,Jul-22,4,0
India,IND,SEARO,01/08/2022,Aug-22,6,1
India,IND,SEARO,01/09/2022,Sep-22,2,0
India,IND,SEARO,01/10/2022,Oct-22,5,0
India,IND,SEARO,01/11/2022,Nov-22,0,0
India,IND,SEARO,01/12/2022,Dec-22,3,0
India,IND,SEARO,01/01/2023,Jan-23,2,0
India,IND,SEARO,01/02/2023,Feb-23,0,0
India,IND,SEARO,01/03/2023,Mar-23,0,0
India,IND,SEARO,01/04/2023,Apr-23,0,0
India,IND,SEARO,01/05/2023,May-23,0,0
India,IND,SEARO,01/06/2023,Jun-23,0,0
India,IND,SEARO,01/07/2023,Jul-23,0,0
India,IND,SEARO,01/08/2023,Aug-23,0,0
India,IND,SEARO,01/09/2023,Sep-23,5,0
India,IND,SEARO,01/10/2023,Oct-23,0,0
Indonesia,IDN,SEARO,01/08/2022,Aug-22,1,0
Indonesia,IDN,SEARO,01/09/2022,Sep-22,0,0
Indonesia,IDN,SEARO,01/10/2022,Oct-22,0,0
Indonesia,IDN,SEARO,01/11/2022,Nov-22,0,0
Indonesia,IDN,SEARO,01/12/2022,Dec-22,0,0
Indonesia,IDN,SEARO,01/01/2023,Jan-23,0,0
Indonesia,IDN,SEARO,01/02/2023,Feb-23,0,0
Indonesia,IDN,SEARO,01/03/2023,Mar-23,0,0
Indonesia,IDN,SEARO,01/04/2023,Apr-23,0,0
Indonesia,IDN,SEARO,01/05/2023,May-23,0,0
Indonesia,IDN,SEARO,01/06/2023,Jun-23,0,0
Indonesia,IDN,SEARO,01/07/2023,Jul-23,0,0
Indonesia,IDN,SEARO,01/08/2023,Aug-23,0,0
Indonesia,IDN,SEARO,01/09/2023,Sep-23,0,0
Indonesia,IDN,SEARO,01/10/2023,Oct-23,29,0
Iran (Islamic Republic of),IRN,EMRO,01/08/2022,Aug-22,1,0
Ireland,IRL,EURO,01/05/2022,May-22,9,0
Ireland,IRL,EURO,01/06/2022,Jun-22,30,0
Ireland,IRL,EURO,01/07/2022,Jul-22,46,0
Ireland,IRL,EURO,01/08/2022,Aug-22,59,0
Ireland,IRL,EURO,01/09/2022,Sep-22,39,0
Ireland,IRL,EURO,01/10/2022,Oct-22,23,0
Ireland,IRL,EURO,01/11/2022,Nov-22,14,0
Ireland,IRL,EURO,01/12/2022,Dec-22,5,0
Ireland,IRL,EURO,01/01/2023,Jan-23,3,0
Ireland,IRL,EURO,01/02/2023,Feb-23,0,0
Ireland,IRL,EURO,01/03/2023,Mar-23,0,0
Ireland,IRL,EURO,01/04/2023,Apr-23,0,0
Ireland,IRL,EURO,01/05/2023,May-23,1,0
Ireland,IRL,EURO,01/06/2023,Jun-23,0,0
Ireland,IRL,EURO,01/07/2023,Jul-23,0,0
Ireland,IRL,EURO,01/08/2023,Aug-23,0,0
Ireland,IRL,EURO,01/09/2023,Sep-23,10,0
Ireland,IRL,EURO,01/10/2023,Oct-23,3,0
Israel,ISR,EURO,01/05/2022,May-22,2,0
Israel,ISR,EURO,01/06/2022,Jun-22,40,0
Israel,ISR,EURO,01/07/2022,Jul-22,79,0
Israel,ISR,EURO,01/08/2022,Aug-22,113,0
Israel,ISR,EURO,01/09/2022,Sep-22,16,0
Israel,ISR,EURO,01/10/2022,Oct-22,12,0
Israel,ISR,EURO,01/11/2022,Nov-22,0,0
Israel,ISR,EURO,01/12/2022,Dec-22,0,0
Israel,ISR,EURO,01/01/2023,Jan-23,0,0
Israel,ISR,EURO,01/02/2023,Feb-23,0,0
Israel,ISR,EURO,01/03/2023,Mar-23,0,0
Israel,ISR,EURO,01/04/2023,Apr-23,0,0
Israel,ISR,EURO,01/05/2023,May-23,0,0
Israel,ISR,EURO,01/06/2023,Jun-23,1,0
Israel,ISR,EURO,01/07/2023,Jul-23,0,0
Israel,ISR,EURO,01/08/2023,Aug-23,0,0
Israel,ISR,EURO,01/09/2023,Sep-23,0,0
Israel,ISR,EURO,01/10/2023,Oct-23,-1,0
Italy,ITA,EURO,01/05/2022,May-22,14,0
Italy,ITA,EURO,01/06/2022,Jun-22,145,0
Italy,ITA,EURO,01/07/2022,Jul-22,267,0
Italy,ITA,EURO,01/08/2022,Aug-22,334,0
Italy,ITA,EURO,01/09/2022,Sep-22,90,0
Italy,ITA,EURO,01/10/2022,Oct-22,44,0
Italy,ITA,EURO,01/11/2022,Nov-22,26,0
Italy,ITA,EURO,01/12/2022,Dec-22,18,0
Italy,ITA,EURO,01/01/2023,Jan-23,16,0
Italy,ITA,EURO,01/02/2023,Feb-23,3,0
Italy,ITA,EURO,01/03/2023,Mar-23,0,0
Italy,ITA,EURO,01/04/2023,Apr-23,0,0
Italy,ITA,EURO,01/05/2023,May-23,0,0
Italy,ITA,EURO,01/06/2023,Jun-23,0,0
Italy,ITA,EURO,01/07/2023,Jul-23,0,0
Italy,ITA,EURO,01/08/2023,Aug-23,1,0
Italy,ITA,EURO,01/09/2023,Sep-23,5,0
Italy,ITA,EURO,01/10/2023,Oct-23,3,0
Jamaica,JAM,AMRO,01/07/2022,Jul-22,2,0
Jamaica,JAM,AMRO,01/08/2022,Aug-22,5,0
Jamaica,JAM,AMRO,01/09/2022,Sep-22,7,0
Jamaica,JAM,AMRO,01/10/2022,Oct-22,2,0
Jamaica,JAM,AMRO,01/11/2022,Nov-22,2,0
Jamaica,JAM,AMRO,01/12/2022,Dec-22,0,0
Jamaica,JAM,AMRO,01/01/2023,Jan-23,0,0
Jamaica,JAM,AMRO,01/02/2023,Feb-23,0,0
Jamaica,JAM,AMRO,01/03/2023,Mar-23,3,0
Jamaica,JAM,AMRO,01/04/2023,Apr-23,0,0
Jamaica,JAM,AMRO,01/05/2023,May-23,0,0
Jamaica,JAM,AMRO,01/06/2023,Jun-23,0,0
Jamaica,JAM,AMRO,01/07/2023,Jul-23,0,0
Jamaica,JAM,AMRO,01/08/2023,Aug-23,0,0
Jamaica,JAM,AMRO,01/09/2023,Sep-23,0,0
Jamaica,JAM,AMRO,01/10/2023,Oct-23,0,0
Japan,JPN,WPRO,01/01/2022,Jan-22,0,0
Japan,JPN,WPRO,01/07/2022,Jul-22,2,0
Japan,JPN,WPRO,01/08/2022,Aug-22,2,0
Japan,JPN,WPRO,01/09/2022,Sep-22,2,0
Japan,JPN,WPRO,01/10/2022,Oct-22,1,0
Japan,JPN,WPRO,01/12/2022,Dec-22,1,0
Japan,JPN,WPRO,01/01/2023,Jan-23,7,0
Japan,JPN,WPRO,01/02/2023,Feb-23,7,0
Japan,JPN,WPRO,01/03/2023,Mar-23,60,0
Japan,JPN,WPRO,01/04/2023,Apr-23,39,0
Japan,JPN,WPRO,01/05/2023,May-23,42,0
Japan,JPN,WPRO,01/06/2023,Jun-23,23,0
Japan,JPN,WPRO,01/07/2023,Jul-23,8,0
Japan,JPN,WPRO,01/08/2023,Aug-23,1,0
Japan,JPN,WPRO,01/09/2023,Sep-23,11,0
Japan,JPN,WPRO,01/10/2023,Oct-23,7,0
Jordan,JOR,EMRO,01/09/2022,Sep-22,1,0
Lao People's Democratic Republic,LAO,WPRO,01/09/2023,Sep-23,1,0
Latvia,LVA,EURO,01/06/2022,Jun-22,2,0
Latvia,LVA,EURO,01/07/2022,Jul-22,1,0
Latvia,LVA,EURO,01/08/2022,Aug-22,1,0
Latvia,LVA,EURO,01/09/2022,Sep-22,1,0
Latvia,LVA,EURO,01/10/2022,Oct-22,1,0
Latvia,LVA,EURO,01/11/2022,Nov-22,0,0
Latvia,LVA,EURO,01/12/2022,Dec-22,0,0
Latvia,LVA,EURO,01/01/2023,Jan-23,0,0
Latvia,LVA,EURO,01/02/2023,Feb-23,0,0
Latvia,LVA,EURO,01/03/2023,Mar-23,0,0
Latvia,LVA,EURO,01/04/2023,Apr-23,0,0
Latvia,LVA,EURO,01/05/2023,May-23,0,0
Latvia,LVA,EURO,01/06/2023,Jun-23,0,0
Latvia,LVA,EURO,01/07/2023,Jul-23,0,0
Latvia,LVA,EURO,01/08/2023,Aug-23,0,0
Latvia,LVA,EURO,01/09/2023,Sep-23,0,0
Latvia,LVA,EURO,01/10/2023,Oct-23,0,0
Lebanon,LBN,EMRO,01/06/2022,Jun-22,1,0
Lebanon,LBN,EMRO,01/07/2022,Jul-22,3,0
Lebanon,LBN,EMRO,01/08/2022,Aug-22,2,0
Lebanon,LBN,EMRO,01/09/2022,Sep-22,5,0
Lebanon,LBN,EMRO,01/10/2022,Oct-22,7,0
Lebanon,LBN,EMRO,01/11/2022,Nov-22,6,0
Lebanon,LBN,EMRO,01/01/2023,Jan-23,2,0
Lebanon,LBN,EMRO,01/03/2023,Mar-23,1,0
Liberia,LBR,AFRO,01/07/2022,Jul-22,1,0
Liberia,LBR,AFRO,01/08/2022,Aug-22,2,0
Liberia,LBR,AFRO,01/09/2022,Sep-22,0,0
Liberia,LBR,AFRO,01/10/2022,Oct-22,0,0
Liberia,LBR,AFRO,01/11/2022,Nov-22,1,0
Liberia,LBR,AFRO,01/12/2022,Dec-22,2,0
Liberia,LBR,AFRO,01/01/2023,Jan-23,1,0
Liberia,LBR,AFRO,01/02/2023,Feb-23,1,0
Liberia,LBR,AFRO,01/03/2023,Mar-23,2,0
Liberia,LBR,AFRO,01/04/2023,Apr-23,2,0
Liberia,LBR,AFRO,01/05/2023,May-23,1,0
Liberia,LBR,AFRO,01/06/2023,Jun-23,0,0
Liberia,LBR,AFRO,01/07/2023,Jul-23,0,0
Liberia,LBR,AFRO,01/08/2023,Aug-23,0,0
Liberia,LBR,AFRO,01/09/2023,Sep-23,0,0
Liberia,LBR,AFRO,01/10/2023,Oct-23,0,0
Lithuania,LTU,EURO,01/08/2022,Aug-22,5,0
Lithuania,LTU,EURO,01/09/2022,Sep-22,0,0
Lithuania,LTU,EURO,01/10/2022,Oct-22,0,0
Lithuania,LTU,EURO,01/11/2022,Nov-22,0,0
Lithuania,LTU,EURO,01/12/2022,Dec-22,0,0
Lithuania,LTU,EURO,01/01/2023,Jan-23,0,0
Lithuania,LTU,EURO,01/02/2023,Feb-23,0,0
Lithuania,LTU,EURO,01/03/2023,Mar-23,0,0
Lithuania,LTU,EURO,01/04/2023,Apr-23,0,0
Lithuania,LTU,EURO,01/05/2023,May-23,0,0
Lithuania,LTU,EURO,01/06/2023,Jun-23,0,0
Lithuania,LTU,EURO,01/07/2023,Jul-23,0,0
Lithuania,LTU,EURO,01/08/2023,Aug-23,0,0
Lithuania,LTU,EURO,01/09/2023,Sep-23,0,0
Lithuania,LTU,EURO,01/10/2023,Oct-23,0,0
Luxembourg,LUX,EURO,01/06/2022,Jun-22,3,0
Luxembourg,LUX,EURO,01/07/2022,Jul-22,20,0
Luxembourg,LUX,EURO,01/08/2022,Aug-22,30,0
Luxembourg,LUX,EURO,01/09/2022,Sep-22,2,0
Luxembourg,LUX,EURO,01/10/2022,Oct-22,0,0
Luxembourg,LUX,EURO,01/11/2022,Nov-22,2,0
Luxembourg,LUX,EURO,01/12/2022,Dec-22,0,0
Luxembourg,LUX,EURO,01/01/2023,Jan-23,0,0
Luxembourg,LUX,EURO,01/02/2023,Feb-23,0,0
Luxembourg,LUX,EURO,01/03/2023,Mar-23,0,0
Luxembourg,LUX,EURO,01/04/2023,Apr-23,0,0
Luxembourg,LUX,EURO,01/05/2023,May-23,0,0
Luxembourg,LUX,EURO,01/06/2023,Jun-23,0,0
Luxembourg,LUX,EURO,01/07/2023,Jul-23,0,0
Luxembourg,LUX,EURO,01/08/2023,Aug-23,2,0
Luxembourg,LUX,EURO,01/09/2023,Sep-23,0,0
Luxembourg,LUX,EURO,01/10/2023,Oct-23,1,0
Malaysia,MYS,WPRO,01/08/2023,Aug-23,2,0
Malta,MLT,EURO,01/05/2022,May-22,1,0
Malta,MLT,EURO,01/06/2022,Jun-22,5,0
Malta,MLT,EURO,01/07/2022,Jul-22,11,0
Malta,MLT,EURO,01/08/2022,Aug-22,14,0
Malta,MLT,EURO,01/09/2022,Sep-22,2,0
Malta,MLT,EURO,01/10/2022,Oct-22,0,0
Malta,MLT,EURO,01/11/2022,Nov-22,0,0
Malta,MLT,EURO,01/12/2022,Dec-22,0,0
Malta,MLT,EURO,01/01/2023,Jan-23,0,0
Malta,MLT,EURO,01/02/2023,Feb-23,0,0
Malta,MLT,EURO,01/03/2023,Mar-23,1,0
Malta,MLT,EURO,01/04/2023,Apr-23,0,0
Malta,MLT,EURO,01/05/2023,May-23,0,0
Malta,MLT,EURO,01/06/2023,Jun-23,0,0
Malta,MLT,EURO,01/07/2023,Jul-23,0,0
Malta,MLT,EURO,01/08/2023,Aug-23,0,0
Malta,MLT,EURO,01/09/2023,Sep-23,0,0
Malta,MLT,EURO,01/10/2023,Oct-23,1,0
Martinique,MTQ,AMRO,01/07/2022,Jul-22,1,0
Martinique,MTQ,AMRO,01/08/2022,Aug-22,0,0
Martinique,MTQ,AMRO,01/09/2022,Sep-22,0,0
Martinique,MTQ,AMRO,01/10/2022,Oct-22,0,0
Martinique,MTQ,AMRO,01/11/2022,Nov-22,0,0
Martinique,MTQ,AMRO,01/12/2022,Dec-22,0,0
Martinique,MTQ,AMRO,01/01/2023,Jan-23,6,0
Martinique,MTQ,AMRO,01/02/2023,Feb-23,0,0
Martinique,MTQ,AMRO,01/03/2023,Mar-23,0,0
Martinique,MTQ,AMRO,01/04/2023,Apr-23,0,0
Martinique,MTQ,AMRO,01/05/2023,May-23,0,0
Martinique,MTQ,AMRO,01/06/2023,Jun-23,0,0
Martinique,MTQ,AMRO,01/07/2023,Jul-23,0,0
Martinique,MTQ,AMRO,01/08/2023,Aug-23,0,0
Martinique,MTQ,AMRO,01/09/2023,Sep-23,0,0
Martinique,MTQ,AMRO,01/10/2023,Oct-23,0,0
Mexico,MEX,AMRO,01/06/2022,Jun-22,27,0
Mexico,MEX,AMRO,01/07/2022,Jul-22,32,0
Mexico,MEX,AMRO,01/08/2022,Aug-22,445,0
Mexico,MEX,AMRO,01/09/2022,Sep-22,1123,0
Mexico,MEX,AMRO,01/10/2022,Oct-22,1027,0
Mexico,MEX,AMRO,01/11/2022,Nov-22,708,4
Mexico,MEX,AMRO,01/12/2022,Dec-22,275,0
Mexico,MEX,AMRO,01/01/2023,Jan-23,131,0
Mexico,MEX,AMRO,01/02/2023,Feb-23,109,0
Mexico,MEX,AMRO,01/03/2023,Mar-23,60,0
Mexico,MEX,AMRO,01/04/2023,Apr-23,28,10
Mexico,MEX,AMRO,01/05/2023,May-23,55,15
Mexico,MEX,AMRO,01/06/2023,Jun-23,11,1
Mexico,MEX,AMRO,01/07/2023,Jul-23,8,0
Mexico,MEX,AMRO,01/08/2023,Aug-23,16,0
Mexico,MEX,AMRO,01/09/2023,Sep-23,7,0
Mexico,MEX,AMRO,01/10/2023,Oct-23,3,2
Monaco,MCO,EURO,01/08/2022,Aug-22,3,0
Monaco,MCO,EURO,01/09/2022,Sep-22,0,0
Monaco,MCO,EURO,01/10/2022,Oct-22,0,0
Monaco,MCO,EURO,01/11/2022,Nov-22,0,0
Monaco,MCO,EURO,01/12/2022,Dec-22,0,0
Monaco,MCO,EURO,01/01/2023,Jan-23,0,0
Monaco,MCO,EURO,01/02/2023,Feb-23,0,0
Monaco,MCO,EURO,01/03/2023,Mar-23,0,0
Monaco,MCO,EURO,01/04/2023,Apr-23,0,0
Monaco,MCO,EURO,01/05/2023,May-23,0,0
Monaco,MCO,EURO,01/06/2023,Jun-23,0,0
Monaco,MCO,EURO,01/07/2023,Jul-23,0,0
Monaco,MCO,EURO,01/08/2023,Aug-23,0,0
Monaco,MCO,EURO,01/09/2023,Sep-23,0,0
Monaco,MCO,EURO,01/10/2023,Oct-23,0,0
Montenegro,MNE,EURO,01/07/2022,Jul-22,1,0
Montenegro,MNE,EURO,01/08/2022,Aug-22,1,0
Montenegro,MNE,EURO,01/09/2022,Sep-22,0,0
Montenegro,MNE,EURO,01/10/2022,Oct-22,0,0
Montenegro,MNE,EURO,01/11/2022,Nov-22,0,0
Montenegro,MNE,EURO,01/12/2022,Dec-22,0,0
Montenegro,MNE,EURO,01/01/2023,Jan-23,0,0
Montenegro,MNE,EURO,01/02/2023,Feb-23,0,0
Montenegro,MNE,EURO,01/03/2023,Mar-23,0,0
Montenegro,MNE,EURO,01/04/2023,Apr-23,0,0
Montenegro,MNE,EURO,01/05/2023,May-23,0,0
Montenegro,MNE,EURO,01/06/2023,Jun-23,0,0
Montenegro,MNE,EURO,01/07/2023,Jul-23,0,0
Montenegro,MNE,EURO,01/08/2023,Aug-23,0,0
Montenegro,MNE,EURO,01/09/2023,Sep-23,0,0
Montenegro,MNE,EURO,01/10/2023,Oct-23,0,0
Morocco,MAR,EMRO,01/06/2022,Jun-22,1,0
Morocco,MAR,EMRO,01/08/2022,Aug-22,2,0
Mozambique,MOZ,AFRO,01/10/2022,Oct-22,1,1
Mozambique,MOZ,AFRO,01/11/2022,Nov-22,0,0
Mozambique,MOZ,AFRO,01/12/2022,Dec-22,0,0
Mozambique,MOZ,AFRO,01/01/2023,Jan-23,0,0
Mozambique,MOZ,AFRO,01/02/2023,Feb-23,0,0
Mozambique,MOZ,AFRO,01/03/2023,Mar-23,0,0
Mozambique,MOZ,AFRO,01/04/2023,Apr-23,0,0
Mozambique,MOZ,AFRO,01/05/2023,May-23,0,0
Mozambique,MOZ,AFRO,01/06/2023,Jun-23,0,0
Mozambique,MOZ,AFRO,01/07/2023,Jul-23,0,0
Mozambique,MOZ,AFRO,01/08/2023,Aug-23,0,0
Mozambique,MOZ,AFRO,01/09/2023,Sep-23,0,0
Mozambique,MOZ,AFRO,01/10/2023,Oct-23,0,0
Nepal,NPL,SEARO,01/06/2023,Jun-23,1,0
Nepal,NPL,SEARO,01/07/2023,Jul-23,0,0
Nepal,NPL,SEARO,01/08/2023,Aug-23,0,0
Nepal,NPL,SEARO,01/09/2023,Sep-23,0,0
Nepal,NPL,SEARO,01/10/2023,Oct-23,0,0
Netherlands,NLD,EURO,01/05/2022,May-22,26,0
Netherlands,NLD,EURO,01/06/2022,Jun-22,231,0
Netherlands,NLD,EURO,01/07/2022,Jul-22,622,0
Netherlands,NLD,EURO,01/08/2022,Aug-22,281,0
Netherlands,NLD,EURO,01/09/2022,Sep-22,63,0
Netherlands,NLD,EURO,01/10/2022,Oct-22,12,0
Netherlands,NLD,EURO,01/11/2022,Nov-22,16,0
Netherlands,NLD,EURO,01/12/2022,Dec-22,5,0
Netherlands,NLD,EURO,01/01/2023,Jan-23,4,0
Netherlands,NLD,EURO,01/02/2023,Feb-23,1,0
Netherlands,NLD,EURO,01/03/2023,Mar-23,1,0
Netherlands,NLD,EURO,01/04/2023,Apr-23,1,0
Netherlands,NLD,EURO,01/05/2023,May-23,1,0
Netherlands,NLD,EURO,01/06/2023,Jun-23,1,0
Netherlands,NLD,EURO,01/07/2023,Jul-23,0,0
Netherlands,NLD,EURO,01/08/2023,Aug-23,2,0
Netherlands,NLD,EURO,01/09/2023,Sep-23,7,0
Netherlands,NLD,EURO,01/10/2023,Oct-23,4,0
New Caledonia,NCL,WPRO,01/07/2022,Jul-22,1,0
New Caledonia,NCL,WPRO,01/07/2023,Jul-23,0,0
New Zealand,NZL,WPRO,01/07/2022,Jul-22,2,0
New Zealand,NZL,WPRO,01/08/2022,Aug-22,2,0
New Zealand,NZL,WPRO,01/09/2022,Sep-22,5,0
New Zealand,NZL,WPRO,01/10/2022,Oct-22,19,0
New Zealand,NZL,WPRO,01/11/2022,Nov-22,8,0
New Zealand,NZL,WPRO,01/12/2022,Dec-22,4,0
New Zealand,NZL,WPRO,01/01/2023,Jan-23,1,0
New Zealand,NZL,WPRO,01/02/2023,Feb-23,1,0
Nigeria,NGA,AFRO,01/01/2022,Jan-22,3,0
Nigeria,NGA,AFRO,01/02/2022,Feb-22,1,0
Nigeria,NGA,AFRO,01/03/2022,Mar-22,6,0
Nigeria,NGA,AFRO,01/04/2022,Apr-22,5,1
Nigeria,NGA,AFRO,01/05/2022,May-22,6,0
Nigeria,NGA,AFRO,01/06/2022,Jun-22,42,1
Nigeria,NGA,AFRO,01/07/2022,Jul-22,94,1
Nigeria,NGA,AFRO,01/08/2022,Aug-22,120,3
Nigeria,NGA,AFRO,01/09/2022,Sep-22,204,1
Nigeria,NGA,AFRO,01/10/2022,Oct-22,123,0
Nigeria,NGA,AFRO,01/11/2022,Nov-22,76,0
Nigeria,NGA,AFRO,01/12/2022,Dec-22,83,0
Nigeria,NGA,AFRO,01/01/2023,Jan-23,27,1
Nigeria,NGA,AFRO,01/02/2023,Feb-23,21,1
Nigeria,NGA,AFRO,01/03/2023,Mar-23,22,0
Nigeria,NGA,AFRO,01/04/2023,Apr-23,2,0
Nigeria,NGA,AFRO,01/05/2023,May-23,7,0
Nigeria,NGA,AFRO,01/06/2023,Jun-23,1,0
Nigeria,NGA,AFRO,01/07/2023,Jul-23,0,0
Nigeria,NGA,AFRO,01/08/2023,Aug-23,0,0
Nigeria,NGA,AFRO,01/09/2023,Sep-23,0,0
Nigeria,NGA,AFRO,01/10/2023,Oct-23,0,0
Norway,NOR,EURO,01/05/2022,May-22,1,0
Norway,NOR,EURO,01/06/2022,Jun-22,14,0
Norway,NOR,EURO,01/07/2022,Jul-22,36,0
Norway,NOR,EURO,01/08/2022,Aug-22,29,0
Norway,NOR,EURO,01/09/2022,Sep-22,12,0
Norway,NOR,EURO,01/10/2022,Oct-22,1,0
Norway,NOR,EURO,01/11/2022,Nov-22,0,0
Norway,NOR,EURO,01/12/2022,Dec-22,0,0
Norway,NOR,EURO,01/01/2023,Jan-23,2,0
Norway,NOR,EURO,01/02/2023,Feb-23,0,0
Norway,NOR,EURO,01/03/2023,Mar-23,0,0
Norway,NOR,EURO,01/04/2023,Apr-23,0,0
Norway,NOR,EURO,01/05/2023,May-23,0,0
Norway,NOR,EURO,01/06/2023,Jun-23,0,0
Norway,NOR,EURO,01/07/2023,Jul-23,1,0
Norway,NOR,EURO,01/08/2023,Aug-23,0,0
Norway,NOR,EURO,01/09/2023,Sep-23,5,0
Norway,NOR,EURO,01/10/2023,Oct-23,1,0
Oman,OMN,EMRO,01/10/2023,Oct-23,3,0
Pakistan,PAK,EMRO,01/04/2023,Apr-23,1,0
Pakistan,PAK,EMRO,01/05/2023,May-23,4,0
Pakistan,PAK,EMRO,01/08/2023,Aug-23,1,0
Pakistan,PAK,EMRO,01/09/2023,Sep-23,1,0
Panama,PAN,AMRO,01/07/2022,Jul-22,1,0
Panama,PAN,AMRO,01/08/2022,Aug-22,10,0
Panama,PAN,AMRO,01/09/2022,Sep-22,5,0
Panama,PAN,AMRO,01/10/2022,Oct-22,0,0
Panama,PAN,AMRO,01/11/2022,Nov-22,40,0
Panama,PAN,AMRO,01/12/2022,Dec-22,22,0
Panama,PAN,AMRO,01/01/2023,Jan-23,32,0
Panama,PAN,AMRO,01/02/2023,Feb-23,29,0
Panama,PAN,AMRO,01/03/2023,Mar-23,77,0
Panama,PAN,AMRO,01/04/2023,Apr-23,7,1
Panama,PAN,AMRO,01/05/2023,May-23,12,0
Panama,PAN,AMRO,01/06/2023,Jun-23,2,0
Panama,PAN,AMRO,01/07/2023,Jul-23,0,0
Panama,PAN,AMRO,01/08/2023,Aug-23,0,0
Panama,PAN,AMRO,01/09/2023,Sep-23,0,0
Panama,PAN,AMRO,01/10/2023,Oct-23,0,0
Paraguay,PRY,AMRO,01/08/2022,Aug-22,1,0
Paraguay,PRY,AMRO,01/09/2022,Sep-22,1,0
Paraguay,PRY,AMRO,01/10/2022,Oct-22,1,0
Paraguay,PRY,AMRO,01/11/2022,Nov-22,23,0
Paraguay,PRY,AMRO,01/12/2022,Dec-22,22,0
Paraguay,PRY,AMRO,01/01/2023,Jan-23,34,0
Paraguay,PRY,AMRO,01/02/2023,Feb-23,22,0
Paraguay,PRY,AMRO,01/03/2023,Mar-23,18,0
Paraguay,PRY,AMRO,01/04/2023,Apr-23,3,0
Paraguay,PRY,AMRO,01/05/2023,May-23,0,0
Paraguay,PRY,AMRO,01/06/2023,Jun-23,1,0
Paraguay,PRY,AMRO,01/07/2023,Jul-23,0,0
Paraguay,PRY,AMRO,01/08/2023,Aug-23,0,0
Paraguay,PRY,AMRO,01/09/2023,Sep-23,0,0
Paraguay,PRY,AMRO,01/10/2023,Oct-23,0,0
Peru,PER,AMRO,01/06/2022,Jun-22,3,0
Peru,PER,AMRO,01/07/2022,Jul-22,266,0
Peru,PER,AMRO,01/08/2022,Aug-22,1277,0
Peru,PER,AMRO,01/09/2022,Sep-22,975,0
Peru,PER,AMRO,01/10/2022,Oct-22,527,0
Peru,PER,AMRO,01/11/2022,Nov-22,460,0
Peru,PER,AMRO,01/12/2022,Dec-22,135,8
Peru,PER,AMRO,01/01/2023,Jan-23,80,7
Peru,PER,AMRO,01/02/2023,Feb-23,29,0
Peru,PER,AMRO,01/03/2023,Mar-23,33,5
Peru,PER,AMRO,01/04/2023,Apr-23,15,0
Peru,PER,AMRO,01/05/2023,May-23,0,0
Peru,PER,AMRO,01/06/2023,Jun-23,12,0
Peru,PER,AMRO,01/07/2023,Jul-23,0,0
Peru,PER,AMRO,01/08/2023,Aug-23,0,0
Peru,PER,AMRO,01/09/2023,Sep-23,0,0
Peru,PER,AMRO,01/10/2023,Oct-23,0,0
Philippines,PHL,WPRO,01/07/2022,Jul-22,1,0
Philippines,PHL,WPRO,01/08/2022,Aug-22,3,0
Philippines,PHL,WPRO,01/05/2023,May-23,1,0
Poland,POL,EURO,01/06/2022,Jun-22,10,0
Poland,POL,EURO,01/07/2022,Jul-22,43,0
Poland,POL,EURO,01/08/2022,Aug-22,77,0
Poland,POL,EURO,01/09/2022,Sep-22,58,0
Poland,POL,EURO,01/10/2022,Oct-22,18,0
Poland,POL,EURO,01/11/2022,Nov-22,8,0
Poland,POL,EURO,01/12/2022,Dec-22,0,0
Poland,POL,EURO,01/01/2023,Jan-23,1,0
Poland,POL,EURO,01/02/2023,Feb-23,0,0
Poland,POL,EURO,01/03/2023,Mar-23,0,0
Poland,POL,EURO,01/04/2023,Apr-23,2,0
Poland,POL,EURO,01/05/2023,May-23,0,0
Poland,POL,EURO,01/06/2023,Jun-23,0,0
Poland,POL,EURO,01/07/2023,Jul-23,0,0
Poland,POL,EURO,01/08/2023,Aug-23,0,0
Poland,POL,EURO,01/09/2023,Sep-23,0,0
Poland,POL,EURO,01/10/2023,Oct-23,0,0
Portugal,PRT,EURO,01/05/2022,May-22,100,0
Portugal,PRT,EURO,01/06/2022,Jun-22,302,0
Portugal,PRT,EURO,01/07/2022,Jul-22,231,0
Portugal,PRT,EURO,01/08/2022,Aug-22,213,0
Portugal,PRT,EURO,01/09/2022,Sep-22,80,0
Portugal,PRT,EURO,01/10/2022,Oct-22,18,0
Portugal,PRT,EURO,01/11/2022,Nov-22,4,0
Portugal,PRT,EURO,01/12/2022,Dec-22,0,0
Portugal,PRT,EURO,01/01/2023,Jan-23,3,0
Portugal,PRT,EURO,01/02/2023,Feb-23,0,0
Portugal,PRT,EURO,01/03/2023,Mar-23,0,0
Portugal,PRT,EURO,01/04/2023,Apr-23,2,0
Portugal,PRT,EURO,01/05/2023,May-23,0,1
Portugal,PRT,EURO,01/06/2023,Jun-23,2,0
Portugal,PRT,EURO,01/07/2023,Jul-23,47,0
Portugal,PRT,EURO,01/08/2023,Aug-23,3,0
Portugal,PRT,EURO,01/09/2023,Sep-23,86,0
Portugal,PRT,EURO,01/10/2023,Oct-23,43,0
Puerto Rico,PRI,AMRO,01/06/2022,Jun-22,1,0
Puerto Rico,PRI,AMRO,01/07/2022,Jul-22,12,0
Puerto Rico,PRI,AMRO,01/08/2022,Aug-22,101,0
Puerto Rico,PRI,AMRO,01/09/2022,Sep-22,68,0
Puerto Rico,PRI,AMRO,01/10/2022,Oct-22,17,0
Puerto Rico,PRI,AMRO,01/11/2022,Nov-22,6,0
Puerto Rico,PRI,AMRO,01/12/2022,Dec-22,3,0
Puerto Rico,PRI,AMRO,01/01/2023,Jan-23,1,0
Puerto Rico,PRI,AMRO,01/02/2023,Feb-23,1,0
Puerto Rico,PRI,AMRO,01/03/2023,Mar-23,1,0
Puerto Rico,PRI,AMRO,01/04/2023,Apr-23,0,0
Puerto Rico,PRI,AMRO,01/05/2023,May-23,0,0
Puerto Rico,PRI,AMRO,01/06/2023,Jun-23,0,0
Puerto Rico,PRI,AMRO,01/07/2023,Jul-23,0,0
Puerto Rico,PRI,AMRO,01/08/2023,Aug-23,0,0
Puerto Rico,PRI,AMRO,01/09/2023,Sep-23,0,0
Puerto Rico,PRI,AMRO,01/10/2023,Oct-23,0,0
Qatar,QAT,EMRO,01/07/2022,Jul-22,2,0
Qatar,QAT,EMRO,01/08/2022,Aug-22,1,0
Qatar,QAT,EMRO,01/09/2022,Sep-22,2,0
Republic of Korea,KOR,WPRO,01/06/2022,Jun-22,1,0
Republic of Korea,KOR,WPRO,01/09/2022,Sep-22,1,0
Republic of Korea,KOR,WPRO,01/11/2022,Nov-22,2,0
Republic of Korea,KOR,WPRO,01/03/2023,Mar-23,1,0
Republic of Korea,KOR,WPRO,01/04/2023,Apr-23,38,0
Republic of Korea,KOR,WPRO,01/05/2023,May-23,46,0
Republic of Korea,KOR,WPRO,01/06/2023,Jun-23,28,0
Republic of Korea,KOR,WPRO,01/07/2023,Jul-23,9,0
Republic of Korea,KOR,WPRO,01/08/2023,Aug-23,9,0
Republic of Korea,KOR,WPRO,01/09/2023,Sep-23,6,0
Republic of Korea,KOR,WPRO,01/10/2023,Oct-23,8,0
Republic of Moldova,MDA,EURO,01/08/2022,Aug-22,2,0
Republic of Moldova,MDA,EURO,01/09/2022,Sep-22,0,0
Republic of Moldova,MDA,EURO,01/10/2022,Oct-22,0,0
Republic of Moldova,MDA,EURO,01/11/2022,Nov-22,0,0
Republic of Moldova,MDA,EURO,01/12/2022,Dec-22,0,0
Republic of Moldova,MDA,EURO,01/01/2023,Jan-23,0,0
Republic of Moldova,MDA,EURO,01/02/2023,Feb-23,0,0
Republic of Moldova,MDA,EURO,01/03/2023,Mar-23,0,0
Republic of Moldova,MDA,EURO,01/04/2023,Apr-23,0,0
Republic of Moldova,MDA,EURO,01/05/2023,May-23,0,0
Republic of Moldova,MDA,EURO,01/06/2023,Jun-23,0,0
Republic of Moldova,MDA,EURO,01/07/2023,Jul-23,0,0
Republic of Moldova,MDA,EURO,01/08/2023,Aug-23,0,0
Republic of Moldova,MDA,EURO,01/09/2023,Sep-23,0,0
Republic of Moldova,MDA,EURO,01/10/2023,Oct-23,0,0
Romania,ROU,EURO,01/06/2022,Jun-22,11,0
Romania,ROU,EURO,01/07/2022,Jul-22,9,0
Romania,ROU,EURO,01/08/2022,Aug-22,16,0
Romania,ROU,EURO,01/09/2022,Sep-22,4,0
Romania,ROU,EURO,01/10/2022,Oct-22,3,0
Romania,ROU,EURO,01/11/2022,Nov-22,2,0
Romania,ROU,EURO,01/12/2022,Dec-22,1,0
Romania,ROU,EURO,01/01/2023,Jan-23,1,0
Romania,ROU,EURO,01/02/2023,Feb-23,0,0
Romania,ROU,EURO,01/03/2023,Mar-23,0,0
Romania,ROU,EURO,01/04/2023,Apr-23,0,0
Romania,ROU,EURO,01/05/2023,May-23,0,0
Romania,ROU,EURO,01/06/2023,Jun-23,0,0
Romania,ROU,EURO,01/07/2023,Jul-23,0,0
Romania,ROU,EURO,01/08/2023,Aug-23,0,0
Romania,ROU,EURO,01/09/2023,Sep-23,0,0
Romania,ROU,EURO,01/10/2023,Oct-23,0,0
Russian Federation,RUS,EURO,01/07/2022,Jul-22,1,0
Russian Federation,RUS,EURO,01/08/2022,Aug-22,0,0
Russian Federation,RUS,EURO,01/09/2022,Sep-22,1,0
Russian Federation,RUS,EURO,01/10/2022,Oct-22,0,0
Russian Federation,RUS,EURO,01/11/2022,Nov-22,0,0
Russian Federation,RUS,EURO,01/12/2022,Dec-22,0,0
Russian Federation,RUS,EURO,01/01/2023,Jan-23,0,0
Russian Federation,RUS,EURO,01/02/2023,Feb-23,0,0
Russian Federation,RUS,EURO,01/03/2023,Mar-23,0,0
Russian Federation,RUS,EURO,01/04/2023,Apr-23,0,0
Russian Federation,RUS,EURO,01/05/2023,May-23,0,0
Russian Federation,RUS,EURO,01/06/2023,Jun-23,0,0
Russian Federation,RUS,EURO,01/07/2023,Jul-23,0,0
Russian Federation,RUS,EURO,01/08/2023,Aug-23,0,0
Russian Federation,RUS,EURO,01/09/2023,Sep-23,0,0
Russian Federation,RUS,EURO,01/10/2023,Oct-23,0,0
Saint Martin,MAF,AMRO,01/08/2022,Aug-22,1,0
Saint Martin,MAF,AMRO,01/09/2022,Sep-22,0,0
Saint Martin,MAF,AMRO,01/10/2022,Oct-22,0,0
Saint Martin,MAF,AMRO,01/11/2022,Nov-22,0,0
Saint Martin,MAF,AMRO,01/12/2022,Dec-22,0,0
Saint Martin,MAF,AMRO,01/01/2023,Jan-23,0,0
Saint Martin,MAF,AMRO,01/02/2023,Feb-23,0,0
Saint Martin,MAF,AMRO,01/03/2023,Mar-23,0,0
Saint Martin,MAF,AMRO,01/04/2023,Apr-23,0,0
Saint Martin,MAF,AMRO,01/05/2023,May-23,0,0
Saint Martin,MAF,AMRO,01/06/2023,Jun-23,0,0
Saint Martin,MAF,AMRO,01/07/2023,Jul-23,0,0
Saint Martin,MAF,AMRO,01/08/2023,Aug-23,0,0
Saint Martin,MAF,AMRO,01/09/2023,Sep-23,0,0
Saint Martin,MAF,AMRO,01/10/2023,Oct-23,0,0
San Marino,SMR,EURO,01/09/2022,Sep-22,0,0
San Marino,SMR,EURO,01/10/2022,Oct-22,1,0
San Marino,SMR,EURO,01/11/2022,Nov-22,0,0
San Marino,SMR,EURO,01/12/2022,Dec-22,0,0
San Marino,SMR,EURO,01/01/2023,Jan-23,0,0
San Marino,SMR,EURO,01/02/2023,Feb-23,0,0
San Marino,SMR,EURO,01/03/2023,Mar-23,0,0
San Marino,SMR,EURO,01/04/2023,Apr-23,0,0
San Marino,SMR,EURO,01/05/2023,May-23,0,0
San Marino,SMR,EURO,01/06/2023,Jun-23,0,0
San Marino,SMR,EURO,01/07/2023,Jul-23,0,0
San Marino,SMR,EURO,01/08/2023,Aug-23,0,0
San Marino,SMR,EURO,01/09/2023,Sep-23,0,0
San Marino,SMR,EURO,01/10/2023,Oct-23,0,0
Saudi Arabia,SAU,EMRO,01/07/2022,Jul-22,4,0
Saudi Arabia,SAU,EMRO,01/08/2022,Aug-22,4,0
Serbia,SRB,EURO,01/06/2022,Jun-22,1,0
Serbia,SRB,EURO,01/07/2022,Jul-22,9,0
Serbia,SRB,EURO,01/08/2022,Aug-22,21,0
Serbia,SRB,EURO,01/09/2022,Sep-22,9,0
Serbia,SRB,EURO,01/10/2022,Oct-22,0,0
Serbia,SRB,EURO,01/11/2022,Nov-22,0,0
Serbia,SRB,EURO,01/12/2022,Dec-22,0,0
Serbia,SRB,EURO,01/01/2023,Jan-23,0,0
Serbia,SRB,EURO,01/02/2023,Feb-23,0,0
Serbia,SRB,EURO,01/03/2023,Mar-23,0,0
Serbia,SRB,EURO,01/04/2023,Apr-23,0,0
Serbia,SRB,EURO,01/05/2023,May-23,0,0
Serbia,SRB,EURO,01/06/2023,Jun-23,0,0
Serbia,SRB,EURO,01/07/2023,Jul-23,0,0
Serbia,SRB,EURO,01/08/2023,Aug-23,0,0
Serbia,SRB,EURO,01/09/2023,Sep-23,0,0
Serbia,SRB,EURO,01/10/2023,Oct-23,0,0
Singapore,SGP,WPRO,01/06/2022,Jun-22,1,0
Singapore,SGP,WPRO,01/07/2022,Jul-22,10,0
Singapore,SGP,WPRO,01/08/2022,Aug-22,5,0
Singapore,SGP,WPRO,01/09/2022,Sep-22,3,0
Singapore,SGP,WPRO,01/01/2023,Jan-23,2,0
Singapore,SGP,WPRO,01/03/2023,Mar-23,1,0
Singapore,SGP,WPRO,01/04/2023,Apr-23,1,0
Singapore,SGP,WPRO,01/05/2023,May-23,2,0
Singapore,SGP,WPRO,01/07/2023,Jul-23,1,0
Singapore,SGP,WPRO,01/09/2023,Sep-23,5,0
Singapore,SGP,WPRO,01/10/2023,Oct-23,5,0
Slovakia,SVK,EURO,01/07/2022,Jul-22,6,0
Slovakia,SVK,EURO,01/08/2022,Aug-22,6,0
Slovakia,SVK,EURO,01/09/2022,Sep-22,2,0
Slovakia,SVK,EURO,01/10/2022,Oct-22,0,0
Slovakia,SVK,EURO,01/11/2022,Nov-22,0,0
Slovakia,SVK,EURO,01/12/2022,Dec-22,0,0
Slovakia,SVK,EURO,01/01/2023,Jan-23,0,0
Slovakia,SVK,EURO,01/02/2023,Feb-23,0,0
Slovakia,SVK,EURO,01/03/2023,Mar-23,0,0
Slovakia,SVK,EURO,01/04/2023,Apr-23,0,0
Slovakia,SVK,EURO,01/05/2023,May-23,0,0
Slovakia,SVK,EURO,01/06/2023,Jun-23,0,0
Slovakia,SVK,EURO,01/07/2023,Jul-23,0,0
Slovakia,SVK,EURO,01/08/2023,Aug-23,0,0
Slovakia,SVK,EURO,01/09/2023,Sep-23,0,0
Slovakia,SVK,EURO,01/10/2023,Oct-23,0,0
Slovenia,SVN,EURO,01/05/2022,May-22,2,0
Slovenia,SVN,EURO,01/06/2022,Jun-22,7,0
Slovenia,SVN,EURO,01/07/2022,Jul-22,24,0
Slovenia,SVN,EURO,01/08/2022,Aug-22,10,0
Slovenia,SVN,EURO,01/09/2022,Sep-22,4,0
Slovenia,SVN,EURO,01/10/2022,Oct-22,0,0
Slovenia,SVN,EURO,01/11/2022,Nov-22,0,0
Slovenia,SVN,EURO,01/12/2022,Dec-22,0,0
Slovenia,SVN,EURO,01/01/2023,Jan-23,0,0
Slovenia,SVN,EURO,01/02/2023,Feb-23,0,0
Slovenia,SVN,EURO,01/03/2023,Mar-23,0,0
Slovenia,SVN,EURO,01/04/2023,Apr-23,0,0
Slovenia,SVN,EURO,01/05/2023,May-23,0,0
Slovenia,SVN,EURO,01/06/2023,Jun-23,0,0
Slovenia,SVN,EURO,01/07/2023,Jul-23,0,0
Slovenia,SVN,EURO,01/08/2023,Aug-23,0,0
Slovenia,SVN,EURO,01/09/2023,Sep-23,0,0
Slovenia,SVN,EURO,01/10/2023,Oct-23,0,0
South Africa,ZAF,AFRO,01/07/2022,Jul-22,3,0
South Africa,ZAF,AFRO,01/08/2022,Aug-22,2,0
South Africa,ZAF,AFRO,01/09/2022,Sep-22,0,0
South Africa,ZAF,AFRO,01/10/2022,Oct-22,0,0
South Africa,ZAF,AFRO,01/11/2022,Nov-22,0,0
South Africa,ZAF,AFRO,01/12/2022,Dec-22,0,0
South Africa,ZAF,AFRO,01/01/2023,Jan-23,0,0
South Africa,ZAF,AFRO,01/02/2023,Feb-23,0,0
South Africa,ZAF,AFRO,01/03/2023,Mar-23,0,0
South Africa,ZAF,AFRO,01/04/2023,Apr-23,0,0
South Africa,ZAF,AFRO,01/05/2023,May-23,0,0
South Africa,ZAF,AFRO,01/06/2023,Jun-23,0,0
South Africa,ZAF,AFRO,01/07/2023,Jul-23,0,0
South Africa,ZAF,AFRO,01/08/2023,Aug-23,0,0
South Africa,ZAF,AFRO,01/09/2023,Sep-23,0,0
South Africa,ZAF,AFRO,01/10/2023,Oct-23,0,0
Spain,ESP,EURO,01/05/2022,May-22,98,0
Spain,ESP,EURO,01/06/2022,Jun-22,702,0
Spain,ESP,EURO,01/07/2022,Jul-22,2938,0
Spain,ESP,EURO,01/08/2022,Aug-22,2805,2
Spain,ESP,EURO,01/09/2022,Sep-22,645,0
Spain,ESP,EURO,01/10/2022,Oct-22,129,0
Spain,ESP,EURO,01/11/2022,Nov-22,91,1
Spain,ESP,EURO,01/12/2022,Dec-22,88,0
Spain,ESP,EURO,01/01/2023,Jan-23,32,0
Spain,ESP,EURO,01/02/2023,Feb-23,15,0
Spain,ESP,EURO,01/03/2023,Mar-23,3,0
Spain,ESP,EURO,01/04/2023,Apr-23,3,0
Spain,ESP,EURO,01/05/2023,May-23,6,0
Spain,ESP,EURO,01/06/2023,Jun-23,4,0
Spain,ESP,EURO,01/07/2023,Jul-23,0,0
Spain,ESP,EURO,01/08/2023,Aug-23,6,0
Spain,ESP,EURO,01/09/2023,Sep-23,46,0
Spain,ESP,EURO,01/10/2023,Oct-23,36,0
Sri Lanka,LKA,SEARO,01/11/2022,Nov-22,2,0
Sri Lanka,LKA,SEARO,01/12/2022,Dec-22,0,0
Sri Lanka,LKA,SEARO,01/01/2023,Jan-23,0,0
Sri Lanka,LKA,SEARO,01/02/2023,Feb-23,0,0
Sri Lanka,LKA,SEARO,01/03/2023,Mar-23,0,0
Sri Lanka,LKA,SEARO,01/04/2023,Apr-23,0,0
Sri Lanka,LKA,SEARO,01/05/2023,May-23,0,0
Sri Lanka,LKA,SEARO,01/06/2023,Jun-23,2,0
Sri Lanka,LKA,SEARO,01/07/2023,Jul-23,0,0
Sri Lanka,LKA,SEARO,01/08/2023,Aug-23,0,0
Sri Lanka,LKA,SEARO,01/09/2023,Sep-23,0,0
Sri Lanka,LKA,SEARO,01/10/2023,Oct-23,0,0
Sudan,SDN,EMRO,01/08/2022,Aug-22,2,0
Sudan,SDN,EMRO,01/09/2022,Sep-22,5,1
Sudan,SDN,EMRO,01/10/2022,Oct-22,11,0
Sudan,SDN,EMRO,01/04/2023,Apr-23,1,0
Sweden,SWE,EURO,01/05/2022,May-22,4,0
Sweden,SWE,EURO,01/06/2022,Jun-22,24,0
Sweden,SWE,EURO,01/07/2022,Jul-22,57,0
Sweden,SWE,EURO,01/08/2022,Aug-22,72,0
Sweden,SWE,EURO,01/09/2022,Sep-22,38,0
Sweden,SWE,EURO,01/10/2022,Oct-22,17,0
Sweden,SWE,EURO,01/11/2022,Nov-22,17,0
Sweden,SWE,EURO,01/12/2022,Dec-22,21,0
Sweden,SWE,EURO,01/01/2023,Jan-23,10,0
Sweden,SWE,EURO,01/02/2023,Feb-23,0,0
Sweden,SWE,EURO,01/03/2023,Mar-23,0,0
Sweden,SWE,EURO,01/04/2023,Apr-23,0,0
Sweden,SWE,EURO,01/05/2023,May-23,0,0
Sweden,SWE,EURO,01/06/2023,Jun-23,0,0
Sweden,SWE,EURO,01/07/2023,Jul-23,0,0
Sweden,SWE,EURO,01/08/2023,Aug-23,0,0
Sweden,SWE,EURO,01/09/2023,Sep-23,4,0
Sweden,SWE,EURO,01/10/2023,Oct-23,0,0
Switzerland,CHE,EURO,01/05/2022,May-22,4,0
Switzerland,CHE,EURO,01/06/2022,Jun-22,79,0
Switzerland,CHE,EURO,01/07/2022,Jul-22,181,0
Switzerland,CHE,EURO,01/08/2022,Aug-22,192,0
Switzerland,CHE,EURO,01/09/2022,Sep-22,57,0
Switzerland,CHE,EURO,01/10/2022,Oct-22,33,0
Switzerland,CHE,EURO,01/11/2022,Nov-22,4,0
Switzerland,CHE,EURO,01/12/2022,Dec-22,1,0
Switzerland,CHE,EURO,01/01/2023,Jan-23,0,0
Switzerland,CHE,EURO,01/02/2023,Feb-23,0,0
Switzerland,CHE,EURO,01/03/2023,Mar-23,1,0
Switzerland,CHE,EURO,01/04/2023,Apr-23,0,0
Switzerland,CHE,EURO,01/05/2023,May-23,0,0
Switzerland,CHE,EURO,01/06/2023,Jun-23,2,0
Switzerland,CHE,EURO,01/07/2023,Jul-23,0,0
Switzerland,CHE,EURO,01/08/2023,Aug-23,0,0
Switzerland,CHE,EURO,01/09/2023,Sep-23,5,0
Switzerland,CHE,EURO,01/10/2023,Oct-23,3,0
Thailand,THA,SEARO,01/07/2022,Jul-22,2,0
Thailand,THA,SEARO,01/08/2022,Aug-22,5,0
Thailand,THA,SEARO,01/09/2022,Sep-22,1,0
Thailand,THA,SEARO,01/10/2022,Oct-22,4,0
Thailand,THA,SEARO,01/11/2022,Nov-22,0,0
Thailand,THA,SEARO,01/12/2022,Dec-22,0,0
Thailand,THA,SEARO,01/01/2023,Jan-23,0,0
Thailand,THA,SEARO,01/02/2023,Feb-23,3,0
Thailand,THA,SEARO,01/03/2023,Mar-23,3,0
Thailand,THA,SEARO,01/04/2023,Apr-23,3,0
Thailand,THA,SEARO,01/05/2023,May-23,22,0
Thailand,THA,SEARO,01/06/2023,Jun-23,13,0
Thailand,THA,SEARO,01/07/2023,Jul-23,63,0
Thailand,THA,SEARO,01/08/2023,Aug-23,197,1
Thailand,THA,SEARO,01/09/2023,Sep-23,144,0
Thailand,THA,SEARO,01/10/2023,Oct-23,117,0
The United Kingdom,GBR,EURO,01/05/2022,May-22,190,0
The United Kingdom,GBR,EURO,01/06/2022,Jun-22,1045,0
The United Kingdom,GBR,EURO,01/07/2022,Jul-22,1197,0
The United Kingdom,GBR,EURO,01/08/2022,Aug-22,981,0
The United Kingdom,GBR,EURO,01/09/2022,Sep-22,222,0
The United Kingdom,GBR,EURO,01/10/2022,Oct-22,63,0
The United Kingdom,GBR,EURO,01/11/2022,Nov-22,27,0
The United Kingdom,GBR,EURO,01/12/2022,Dec-22,5,0
The United Kingdom,GBR,EURO,01/01/2023,Jan-23,5,0
The United Kingdom,GBR,EURO,01/02/2023,Feb-23,0,0
The United Kingdom,GBR,EURO,01/03/2023,Mar-23,3,0
The United Kingdom,GBR,EURO,01/04/2023,Apr-23,3,0
The United Kingdom,GBR,EURO,01/05/2023,May-23,11,0
The United Kingdom,GBR,EURO,01/06/2023,Jun-23,1,0
The United Kingdom,GBR,EURO,01/07/2023,Jul-23,8,0
The United Kingdom,GBR,EURO,01/08/2023,Aug-23,10,0
The United Kingdom,GBR,EURO,01/09/2023,Sep-23,34,0
The United Kingdom,GBR,EURO,01/10/2023,Oct-23,15,0
Trinidad and Tobago,TTO,AMRO,01/07/2023,Jul-23,3,0
Trinidad and Tobago,TTO,AMRO,01/08/2023,Aug-23,0,0
Trinidad and Tobago,TTO,AMRO,01/09/2023,Sep-23,0,0
Trinidad and Tobago,TTO,AMRO,01/10/2023,Oct-23,0,0
Türkiye,TUR,EURO,01/06/2022,Jun-22,1,0
Türkiye,TUR,EURO,01/07/2022,Jul-22,0,0
Türkiye,TUR,EURO,01/08/2022,Aug-22,0,0
Türkiye,TUR,EURO,01/09/2022,Sep-22,0,0
Türkiye,TUR,EURO,01/10/2022,Oct-22,11,0
Türkiye,TUR,EURO,01/11/2022,Nov-22,0,0
Türkiye,TUR,EURO,01/12/2022,Dec-22,0,0
Türkiye,TUR,EURO,01/01/2023,Jan-23,0,0
Türkiye,TUR,EURO,01/02/2023,Feb-23,0,0
Türkiye,TUR,EURO,01/03/2023,Mar-23,0,0
Türkiye,TUR,EURO,01/04/2023,Apr-23,0,0
Türkiye,TUR,EURO,01/05/2023,May-23,0,0
Türkiye,TUR,EURO,01/06/2023,Jun-23,0,0
Türkiye,TUR,EURO,01/07/2023,Jul-23,0,0
Türkiye,TUR,EURO,01/08/2023,Aug-23,0,0
Türkiye,TUR,EURO,01/09/2023,Sep-23,0,0
Türkiye,TUR,EURO,01/10/2023,Oct-23,0,0
Ukraine,UKR,EURO,01/09/2022,Sep-22,3,0
Ukraine,UKR,EURO,01/10/2022,Oct-22,2,0
Ukraine,UKR,EURO,01/11/2022,Nov-22,0,0
Ukraine,UKR,EURO,01/12/2022,Dec-22,0,0
Ukraine,UKR,EURO,01/01/2023,Jan-23,0,0
Ukraine,UKR,EURO,01/02/2023,Feb-23,0,0
Ukraine,UKR,EURO,01/03/2023,Mar-23,0,0
Ukraine,UKR,EURO,01/04/2023,Apr-23,0,0
Ukraine,UKR,EURO,01/05/2023,May-23,0,0
Ukraine,UKR,EURO,01/06/2023,Jun-23,0,0
Ukraine,UKR,EURO,01/07/2023,Jul-23,0,0
Ukraine,UKR,EURO,01/08/2023,Aug-23,0,0
Ukraine,UKR,EURO,01/09/2023,Sep-23,0,0
Ukraine,UKR,EURO,01/10/2023,Oct-23,0,0
United Arab Emirates,ARE,EMRO,01/05/2022,May-22,4,0
United Arab Emirates,ARE,EMRO,01/06/2022,Jun-22,9,0
United Arab Emirates,ARE,EMRO,01/07/2022,Jul-22,3,0
United States of America,USA,AMRO,01/06/2022,Jun-22,396,0
United States of America,USA,AMRO,01/07/2022,Jul-22,4501,0
United States of America,USA,AMRO,01/08/2022,Aug-22,14454,0
United States of America,USA,AMRO,01/09/2022,Sep-22,6083,1
United States of America,USA,AMRO,01/10/2022,Oct-22,2615,5
United States of America,USA,AMRO,01/11/2022,Nov-22,1383,13
United States of America,USA,AMRO,01/12/2022,Dec-22,171,1
United States of America,USA,AMRO,01/01/2023,Jan-23,288,6
United States of America,USA,AMRO,01/02/2023,Feb-23,121,8
United States of America,USA,AMRO,01/03/2023,Mar-23,74,4
United States of America,USA,AMRO,01/04/2023,Apr-23,68,4
United States of America,USA,AMRO,01/05/2023,May-23,89,0
United States of America,USA,AMRO,01/06/2023,Jun-23,81,1
United States of America,USA,AMRO,01/07/2023,Jul-23,80,2
United States of America,USA,AMRO,01/08/2023,Aug-23,160,5
United States of America,USA,AMRO,01/09/2023,Sep-23,72,0
United States of America,USA,AMRO,01/10/2023,Oct-23,135,5
Uruguay,URY,AMRO,01/07/2022,Jul-22,1,0
Uruguay,URY,AMRO,01/08/2022,Aug-22,3,0
Uruguay,URY,AMRO,01/09/2022,Sep-22,4,0
Uruguay,URY,AMRO,01/10/2022,Oct-22,5,0
Uruguay,URY,AMRO,01/11/2022,Nov-22,1,0
Uruguay,URY,AMRO,01/12/2022,Dec-22,5,0
Uruguay,URY,AMRO,01/01/2023,Jan-23,0,0
Uruguay,URY,AMRO,01/02/2023,Feb-23,0,0
Uruguay,URY,AMRO,01/03/2023,Mar-23,0,0
Uruguay,URY,AMRO,01/04/2023,Apr-23,0,0
Uruguay,URY,AMRO,01/05/2023,May-23,0,0
Uruguay,URY,AMRO,01/06/2023,Jun-23,0,0
Uruguay,URY,AMRO,01/07/2023,Jul-23,0,0
Uruguay,URY,AMRO,01/08/2023,Aug-23,0,0
Uruguay,URY,AMRO,01/09/2023,Sep-23,0,0
Uruguay,URY,AMRO,01/10/2023,Oct-23,0,0
Venezuela (Bolivarian Republic of),VEN,AMRO,01/06/2022,Jun-22,1,0
Venezuela (Bolivarian Republic of),VEN,AMRO,01/07/2022,Jul-22,0,0
Venezuela (Bolivarian Republic of),VEN,AMRO,01/08/2022,Aug-22,2,0
Venezuela (Bolivarian Republic of),VEN,AMRO,01/09/2022,Sep-22,2,0
Venezuela (Bolivarian Republic of),VEN,AMRO,01/10/2022,Oct-22,5,0
Venezuela (Bolivarian Republic of),VEN,AMRO,01/11/2022,Nov-22,0,0
Venezuela (Bolivarian Republic of),VEN,AMRO,01/12/2022,Dec-22,2,0
Venezuela (Bolivarian Republic of),VEN,AMRO,01/01/2023,Jan-23,0,0
Venezuela (Bolivarian Republic of),VEN,AMRO,01/02/2023,Feb-23,0,0
Venezuela (Bolivarian Republic of),VEN,AMRO,01/03/2023,Mar-23,0,0
Venezuela (Bolivarian Republic of),VEN,AMRO,01/04/2023,Apr-23,0,0
Venezuela (Bolivarian Republic of),VEN,AMRO,01/05/2023,May-23,0,0
Venezuela (Bolivarian Republic of),VEN,AMRO,01/06/2023,Jun-23,0,0
Venezuela (Bolivarian Republic of),VEN,AMRO,01/07/2023,Jul-23,0,0
Venezuela (Bolivarian Republic of),VEN,AMRO,01/08/2023,Aug-23,0,0
Venezuela (Bolivarian Republic of),VEN,AMRO,01/09/2023,Sep-23,0,0
Venezuela (Bolivarian Republic of),VEN,AMRO,01/10/2023,Oct-23,0,0
Viet Nam,VNM,WPRO,01/10/2022,Oct-22,2,0
Viet Nam,VNM,WPRO,01/07/2023,Jul-23,1,0
Viet Nam,VNM,WPRO,01/09/2023,Sep-23,2,0
Viet Nam,VNM,WPRO,01/10/2023,Oct-23,40,1
